generation,iteration,robot,birthday,ancestor_id,ancestor_birthday,cell_id,age,sigma,maps,genomes,fitness,cells_in_map,dist_max,dist_pot_max,dist_total,com_rx,com_tx,obj_group1,obj_group2,obj_group3,obj_group4,obj_group5
0,9999,0,0,0,0,0,9999,0.100000,99,99,0.266168,0,0.000000,28.209887,0.588251,99,99,0,0,1,0,0
0,9999,1,0,1,0,40,9999,0.100000,99,99,0.000000,0,0.000000,25.638734,9.823424,99,99,0,0,0,0,0
0,9999,2,0,2,0,92,9999,0.100000,99,99,42.063029,0,8.000000,27.300289,15.919420,99,99,1,0,0,0,0
0,9999,3,0,3,0,0,9999,0.100000,99,99,0.045987,0,0.000000,19.850888,0.601941,99,99,0,1,0,0,0
0,9999,4,0,4,0,0,9999,0.100000,99,99,0.097340,0,1.000000,18.500000,4.830864,99,99,0,0,0,0,1
0,9999,5,0,5,0,40,9999,0.100000,99,99,0.000000,0,0.000000,22.803515,3.162652,99,99,0,0,0,0,0
0,9999,6,0,6,0,41,9999,0.100000,99,99,0.000000,0,3.000000,21.985408,8.110000,99,99,0,0,0,0,0
0,9999,7,0,7,0,40,9999,0.100000,99,99,0.000000,0,1.000000,30.248456,3.379814,99,99,0,0,0,0,0
0,9999,8,0,8,0,40,9999,0.100000,99,99,0.000000,0,1.000000,28.855769,8.875188,99,99,0,0,0,0,0
0,9999,9,0,9,0,0,9999,0.100000,99,99,0.000824,0,0.000000,23.788401,1.032439,99,99,0,0,0,1,0
0,9999,10,0,10,0,0,9999,0.100000,99,99,0.075980,0,0.000000,20.623088,3.134722,99,99,0,0,0,0,1
0,9999,11,0,11,0,0,9999,0.100000,99,99,1.247318,0,0.000000,23.345411,1.417393,99,99,0,0,1,0,0
0,9999,12,0,12,0,40,9999,0.100000,99,99,0.000000,0,1.000000,27.713272,13.923236,99,99,0,0,0,0,0
0,9999,13,0,13,0,1,9999,0.100000,99,99,9.684292,0,3.000000,15.269725,7.486518,99,99,0,0,1,0,0
0,9999,14,0,14,0,40,9999,0.100000,99,99,0.000000,0,3.000000,30.819462,11.918751,99,99,0,0,0,0,0
0,9999,15,0,15,0,40,9999,0.100000,99,99,0.000000,0,0.000000,17.038466,2.690555,99,99,0,0,0,0,0
0,9999,16,0,16,0,0,9999,0.100000,99,99,0.021844,0,0.000000,28.539957,1.664509,99,99,0,0,0,0,1
0,9999,17,0,17,0,40,9999,0.100000,99,99,0.000000,0,1.000000,21.704700,5.016639,99,99,0,0,0,0,0
0,9999,18,0,18,0,40,9999,0.100000,99,99,0.000000,0,2.000000,30.441624,5.018825,99,99,0,0,0,0,0
0,9999,19,0,19,0,90,9999,0.100000,99,99,13.203455,0,2.000000,30.100995,11.749148,99,99,1,0,0,0,0
0,9999,20,0,20,0,41,9999,0.100000,99,99,0.000000,0,3.000000,25.004666,7.935161,99,99,0,0,0,0,0
0,9999,21,0,21,0,0,9999,0.100000,99,99,0.116765,0,0.000000,24.148498,0.669620,99,99,0,0,0,1,0
0,9999,22,0,22,0,40,9999,0.100000,99,99,0.000000,0,2.000000,24.855639,8.795038,99,99,0,0,0,0,0
0,9999,23,0,23,0,40,9999,0.100000,99,99,0.000000,0,0.000000,25.921055,8.961197,99,99,0,0,0,0,0
0,9999,24,0,24,0,1,9999,0.100000,99,99,0.000111,0,3.000000,26.243152,7.023140,99,99,0,0,0,1,0
0,9999,25,0,25,0,42,9999,0.100000,99,99,0.000000,0,6.000000,28.221416,16.329677,99,99,0,0,0,0,0
0,9999,26,0,26,0,40,9999,0.100000,99,99,0.000000,0,0.000000,33.213143,1.595230,99,99,0,0,0,0,0
0,9999,27,0,27,0,0,9999,0.100000,99,99,1.380096,0,1.000000,31.786693,1.798359,99,99,0,0,0,1,0
0,9999,28,0,28,0,40,9999,0.100000,99,99,0.000000,0,1.000000,26.450228,12.468156,99,99,0,0,0,0,0
0,9999,29,0,29,0,40,9999,0.100000,99,99,0.000000,0,1.000000,19.264988,4.385966,99,99,0,0,0,0,0
0,9999,30,0,30,0,0,9999,0.100000,99,99,0.697093,0,0.000000,23.461798,0.790668,99,99,0,1,0,0,0
0,9999,31,0,31,0,0,9999,0.100000,99,99,2.334056,0,1.000000,25.134728,1.615552,99,99,0,0,0,1,0
0,9999,32,0,32,0,40,9999,0.100000,99,99,0.000000,0,2.000000,23.990354,6.322207,99,99,0,0,0,0,0
0,9999,33,0,33,0,40,9999,0.100000,99,99,0.000000,0,0.000000,19.360021,0.385149,99,99,0,0,0,0,0
0,9999,34,0,34,0,40,9999,0.100000,99,99,0.000000,0,0.000000,21.997083,1.059187,99,99,0,0,0,0,0
0,9999,35,0,35,0,40,9999,0.100000,99,99,0.000000,0,1.000000,30.024235,18.692644,99,99,0,0,0,0,0
0,9999,36,0,36,0,40,9999,0.100000,99,99,0.000000,0,1.000000,25.966214,9.191938,99,99,0,0,0,0,0
0,9999,37,0,37,0,0,9999,0.100000,99,99,1.995114,0,2.000000,27.431580,5.677239,99,99,0,0,1,0,0
0,9999,38,0,38,0,40,9999,0.100000,99,99,0.000000,0,2.000000,25.047923,12.096208,99,99,0,0,0,0,0
0,9999,39,0,39,0,0,9999,0.100000,99,99,0.100519,0,0.000000,22.348279,1.182040,99,99,0,0,0,0,1
0,9999,40,0,40,0,0,9999,0.100000,99,99,0.597866,0,0.000000,15.586591,1.518159,99,99,0,1,0,0,0
0,9999,41,0,41,0,40,9999,0.100000,99,99,0.000000,0,0.000000,20.977249,4.797099,99,99,0,0,0,0,0
0,9999,42,0,42,0,41,9999,0.100000,99,99,0.000000,0,3.000000,25.592626,5.643981,99,99,0,0,0,0,0
0,9999,43,0,43,0,0,9999,0.100000,99,99,0.000000,0,2.000000,25.084098,12.021680,99,99,0,0,0,0,1
0,9999,44,0,44,0,40,9999,0.100000,99,99,0.000000,0,0.000000,24.596232,8.079479,99,99,0,0,0,0,0
0,9999,45,0,45,0,41,9999,0.100000,99,99,0.000000,0,4.000000,24.230249,8.181112,99,99,0,0,0,0,0
0,9999,46,0,46,0,40,9999,0.100000,99,99,0.000000,0,2.000000,26.096273,10.435891,99,99,0,0,0,0,0
0,9999,47,0,47,0,40,9999,0.100000,99,99,0.000000,0,1.000000,34.328790,4.091234,99,99,0,0,0,0,0
0,9999,48,0,48,0,40,9999,0.100000,99,99,0.000000,0,1.000000,26.218816,17.940668,99,99,0,0,0,0,0
0,9999,49,0,49,0,40,9999,0.100000,99,99,0.000000,0,2.000000,22.632102,4.186746,99,99,0,0,0,0,0
0,9999,50,0,50,0,91,9999,0.100000,99,99,12.455185,0,3.000000,26.762160,6.383561,99,99,1,0,0,0,0
0,9999,51,0,51,0,40,9999,0.100000,99,99,0.000000,0,1.000000,24.094325,11.246393,99,99,0,0,0,0,0
0,9999,52,0,52,0,0,9999,0.100000,99,99,0.248200,0,1.000000,13.008322,8.054114,99,99,0,1,0,0,0
0,9999,53,0,53,0,41,9999,0.100000,99,99,0.000000,0,3.000000,22.940247,7.502326,99,99,0,0,0,0,0
0,9999,54,0,54,0,40,9999,0.100000,99,99,0.000000,0,1.000000,31.668872,18.441067,99,99,0,0,0,0,0
0,9999,55,0,55,0,40,9999,0.100000,99,99,0.000000,0,0.000000,24.309787,4.327467,99,99,0,0,0,0,0
0,9999,56,0,56,0,40,9999,0.100000,99,99,0.000000,0,2.000000,28.940433,11.347092,99,99,0,0,0,0,0
0,9999,57,0,57,0,0,9999,0.100000,99,99,0.000597,0,0.000000,31.852460,0.622341,99,99,0,0,0,0,1
0,9999,58,0,58,0,40,9999,0.100000,99,99,0.000000,0,2.000000,26.610840,4.278275,99,99,0,0,0,0,0
0,9999,59,0,59,0,40,9999,0.100000,99,99,0.000000,0,3.000000,32.973028,14.260202,99,99,0,0,0,0,0
0,9999,60,0,60,0,92,9999,0.100000,99,99,40.117075,0,8.000000,29.140794,26.429834,99,99,1,0,0,0,0
0,9999,61,0,61,0,40,9999,0.100000,99,99,0.000000,0,0.000000,21.173182,0.663152,99,99,0,0,0,0,0
0,9999,62,0,62,0,0,9999,0.100000,99,99,0.000357,0,0.000000,24.805405,0.580266,99,99,0,0,0,0,1
0,9999,63,0,63,0,41,9999,0.100000,99,99,0.000000,0,3.000000,18.183520,5.033022,99,99,0,0,0,0,0
0,9999,64,0,64,0,40,9999,0.100000,99,99,0.000000,0,2.000000,23.505925,7.523454,99,99,0,0,0,0,0
0,9999,65,0,65,0,40,9999,0.100000,99,99,0.000000,0,0.000000,28.659046,0.683265,99,99,0,0,0,0,0
0,9999,66,0,66,0,0,9999,0.100000,99,99,0.015992,0,1.000000,12.692582,4.888577,99,99,0,0,1,0,0
0,9999,67,0,67,0,0,9999,0.100000,99,99,0.388935,0,1.000000,32.853665,2.401560,99,99,0,0,0,0,1
0,9999,68,0,68,0,41,9999,0.100000,99,99,0.000000,0,5.000000,26.282813,14.756579,99,99,0,0,0,0,0
0,9999,69,0,69,0,40,9999,0.100000,99,99,0.000000,0,1.000000,22.304471,7.559901,99,99,0,0,0,0,0
0,9999,70,0,70,0,40,9999,0.100000,99,99,0.000000,0,0.000000,20.111874,8.659053,99,99,0,0,0,0,0
0,9999,71,0,71,0,40,9999,0.100000,99,99,0.000000,0,1.000000,17.600658,9.433947,99,99,0,0,0,0,0
0,9999,72,0,72,0,90,9999,0.100000,99,99,10.267314,0,3.000000,28.593009,18.768411,99,99,1,0,0,0,0
0,9999,73,0,73,0,1,9999,0.100000,99,99,0.068823,0,2.000000,13.101613,3.252453,99,99,0,1,0,0,0
0,9999,74,0,74,0,40,9999,0.100000,99,99,0.000000,0,1.000000,24.403125,4.799079,99,99,0,0,0,0,0
0,9999,75,0,75,0,0,9999,0.100000,99,99,0.214576,0,0.000000,17.826238,1.245422,99,99,0,0,0,1,0
0,9999,76,0,76,0,0,9999,0.100000,99,99,0.000000,0,1.000000,26.434415,9.566567,99,99,0,0,0,0,1
0,9999,77,0,77,0,40,9999,0.100000,99,99,0.000000,0,0.000000,28.860806,3.023969,99,99,0,0,0,0,0
0,9999,78,0,78,0,40,9999,0.100000,99,99,0.000000,0,1.000000,22.586501,2.929238,99,99,0,0,0,0,0
0,9999,79,0,79,0,41,9999,0.100000,99,99,0.000000,0,4.000000,27.531686,17.225758,99,99,0,0,0,0,0
0,9999,80,0,80,0,40,9999,0.100000,99,99,0.000000,0,2.000000,26.914491,9.612104,99,99,0,0,0,0,0
0,9999,81,0,81,0,40,9999,0.100000,99,99,0.000000,0,2.000000,25.628500,11.802284,99,99,0,0,0,0,0
0,9999,82,0,82,0,40,9999,0.100000,99,99,0.000000,0,1.000000,32.240728,3.615302,99,99,0,0,0,0,0
0,9999,83,0,83,0,0,9999,0.100000,99,99,1.737194,0,0.000000,17.397973,0.955850,99,99,0,0,1,0,0
0,9999,84,0,84,0,0,9999,0.100000,99,99,0.001687,0,1.000000,27.167702,6.780928,99,99,0,1,0,0,0
0,9999,85,0,85,0,40,9999,0.100000,99,99,0.000000,0,2.000000,25.814550,11.670181,99,99,0,0,0,0,0
0,9999,86,0,86,0,40,9999,0.100000,99,99,0.000000,0,2.000000,24.766516,7.984756,99,99,0,0,0,0,0
0,9999,87,0,87,0,41,9999,0.100000,99,99,0.000000,0,2.000000,16.795587,4.066608,99,99,0,0,0,0,0
0,9999,88,0,88,0,0,9999,0.100000,99,99,0.772270,0,1.000000,22.384264,2.766633,99,99,0,0,0,1,0
0,9999,89,0,89,0,40,9999,0.100000,99,99,0.000000,0,2.000000,21.666190,9.495710,99,99,0,0,0,0,0
0,9999,90,0,90,0,0,9999,0.100000,99,99,0.000430,0,0.000000,27.747676,1.578184,99,99,0,0,0,0,1
0,9999,91,0,91,0,40,9999,0.100000,99,99,0.000000,0,1.000000,29.419578,8.666336,99,99,0,0,0,0,0
0,9999,92,0,92,0,40,9999,0.100000,99,99,0.000000,0,1.000000,16.046487,11.111972,99,99,0,0,0,0,0
0,9999,93,0,93,0,40,9999,0.100000,99,99,0.000000,0,2.000000,25.870098,8.581625,99,99,0,0,0,0,0
0,9999,94,0,94,0,40,9999,0.100000,99,99,0.000000,0,0.000000,17.473286,1.166549,99,99,0,0,0,0,0
0,9999,95,0,95,0,91,9999,0.100000,99,99,41.733699,0,6.000000,29.821453,14.962174,99,99,1,0,0,0,0
0,9999,96,0,96,0,40,9999,0.100000,99,99,0.000000,0,0.000000,26.032779,3.963075,99,99,0,0,0,0,0
0,9999,97,0,97,0,41,9999,0.100000,99,99,0.000000,0,3.000000,18.154140,13.170973,99,99,0,0,0,0,0
0,9999,98,0,98,0,40,9999,0.100000,99,99,0.000000,0,0.000000,26.475740,4.719672,99,99,0,0,0,0,0
0,9999,99,0,99,0,40,9999,0.100000,99,99,0.000000,0,2.000000,28.969449,11.057138,99,99,0,0,0,0,0
1,19999,0,10000,2,0,0,9999,0.100000,99,198,0.004749,1,0.000000,28.247733,0.209630,99,99,0,0,1,0,0
1,19999,1,10000,2,0,41,9999,0.100000,99,198,0.000000,1,3.000000,26.049010,13.176610,99,99,0,0,0,0,0
1,19999,2,10000,95,0,40,9999,0.100000,99,198,0.000000,1,1.000000,32.725533,4.191548,99,99,0,0,0,0,0
1,19999,3,10000,2,0,0,9999,0.100000,99,198,0.004098,1,0.000000,20.128239,0.154087,99,99,0,1,0,0,0
1,19999,4,10000,2,0,0,9999,0.100000,99,198,0.678475,1,0.000000,19.264303,0.208597,99,99,0,0,0,0,1
1,19999,5,10000,2,0,40,9999,0.100000,99,198,0.000000,1,1.000000,23.226571,4.700256,99,99,0,0,0,0,0
1,19999,6,10000,2,0,40,9999,0.100000,99,198,0.000000,1,0.000000,18.981797,0.764583,99,99,0,0,0,0,0
1,19999,7,10000,2,0,40,9999,0.100000,99,198,0.000000,1,1.000000,29.962669,6.474477,99,99,0,0,0,0,0
1,19999,8,10000,2,0,41,9999,0.100000,99,198,0.000000,1,4.000000,30.141476,12.540480,99,99,0,0,0,0,0
1,19999,9,10000,2,0,0,9999,0.100000,99,198,0.406791,1,0.000000,23.177098,0.375759,99,99,0,0,0,1,0
1,19999,10,10000,2,0,0,9999,0.100000,99,198,1.283785,1,0.000000,20.165276,0.154291,99,99,0,0,0,0,1
1,19999,11,10000,2,0,1,9999,0.100000,99,198,22.172806,1,4.000000,22.382643,6.168259,99,99,0,0,1,0,0
1,19999,12,10000,2,0,1,9999,0.100000,99,198,15.380449,1,3.000000,27.676661,16.576373,99,99,0,1,0,0,0
1,19999,13,10000,2,0,0,9999,0.100000,99,198,0.398622,1,0.000000,17.786043,0.554246,99,99,0,0,1,0,0
1,19999,14,10000,2,0,40,9999,0.100000,99,198,0.000000,1,1.000000,33.275991,15.990182,99,99,0,0,0,0,0
1,19999,15,10000,2,0,40,9999,0.100000,99,198,0.000000,1,0.000000,17.518537,0.550557,99,99,0,0,0,0,0
1,19999,16,10000,2,0,0,9999,0.100000,99,198,0.001043,1,0.000000,29.052352,0.159223,99,99,0,0,0,0,1
1,19999,17,10000,2,0,0,9999,0.100000,99,198,0.112750,1,0.000000,22.242051,0.410531,99,99,0,0,0,0,1
1,19999,18,10000,2,0,40,9999,0.100000,99,198,0.000000,1,0.000000,31.339067,2.647403,99,99,0,0,0,0,0
1,19999,19,10000,2,0,0,9999,0.100000,99,198,0.953366,1,0.000000,31.181354,0.875716,99,99,0,0,0,1,0
1,19999,20,10000,2,0,40,9999,0.100000,99,198,0.000000,1,0.000000,22.280391,3.195256,99,99,0,0,0,0,0
1,19999,21,10000,2,0,0,9999,0.100000,99,198,0.022336,1,0.000000,24.061766,0.193250,99,99,0,0,0,1,0
1,19999,22,10000,2,0,41,9999,0.100000,99,198,0.000000,1,4.000000,24.345163,13.346169,99,99,0,0,0,0,0
1,19999,23,10000,2,0,41,9999,0.100000,99,198,0.000000,1,5.000000,26.314681,10.127321,99,99,0,0,0,0,0
1,19999,24,10000,2,0,0,9999,0.100000,99,198,0.049487,1,0.000000,22.640007,0.131646,99,99,0,0,0,1,0
1,19999,25,10000,2,0,0,9999,0.100000,99,198,0.328722,1,0.000000,29.258774,1.867073,99,99,0,0,1,0,0
1,19999,26,10000,2,0,40,9999,0.100000,99,198,0.000000,1,0.000000,33.820676,2.930594,99,99,0,0,0,0,0
1,19999,27,10000,2,0,0,9999,0.100000,99,198,1.650196,1,0.000000,30.811883,1.162685,99,99,0,0,0,1,0
1,19999,28,10000,2,0,40,9999,0.100000,99,198,0.000000,1,2.000000,25.646257,11.215976,99,99,0,0,0,0,0
1,19999,29,10000,2,0,0,9999,0.100000,99,198,0.072412,1,1.000000,19.609828,2.032749,99,99,0,0,0,0,1
1,19999,30,10000,2,0,0,9999,0.100000,99,198,0.337021,1,0.000000,23.437604,0.183981,99,99,0,1,0,0,0
1,19999,31,10000,2,0,40,9999,0.100000,99,198,0.000000,1,1.000000,25.423504,2.503504,99,99,0,0,0,0,0
1,19999,32,10000,2,0,41,9999,0.100000,99,198,0.000000,1,4.000000,22.367486,7.488230,99,99,0,0,0,0,0
1,19999,33,10000,2,0,40,9999,0.100000,99,198,0.000000,1,0.000000,19.558983,0.355680,99,99,0,0,0,0,0
1,19999,34,10000,2,0,40,9999,0.100000,99,198,0.000000,1,0.000000,22.292799,0.429878,99,99,0,0,0,0,0
1,19999,35,10000,2,0,40,9999,0.100000,99,198,0.000000,1,0.000000,30.588872,3.551923,99,99,0,0,0,0,0
1,19999,36,10000,2,0,41,9999,0.100000,99,198,0.000000,1,3.000000,26.448696,10.685463,99,99,0,0,0,0,0
1,19999,37,10000,2,0,1,9999,0.100000,99,198,2.410343,1,5.000000,29.809134,10.901986,99,99,0,0,1,0,0
1,19999,38,10000,2,0,41,9999,0.100000,99,198,0.000000,1,4.000000,24.160953,9.051441,99,99,0,0,0,0,0
1,19999,39,10000,2,0,40,9999,0.100000,99,198,0.000000,1,0.000000,22.114954,0.509851,99,99,0,0,0,0,0
1,19999,40,10000,2,0,0,9999,0.100000,99,198,3.035695,1,0.000000,15.548723,0.735659,99,99,0,1,0,0,0
1,19999,41,10000,2,0,40,9999,0.100000,99,198,0.000000,1,0.000000,20.839963,10.039626,99,99,0,0,0,0,0
1,19999,42,10000,2,0,0,9999,0.100000,99,198,1.156144,1,0.000000,28.114971,1.222486,99,99,0,0,1,0,0
1,19999,43,10000,2,0,40,9999,0.100000,99,198,0.000000,1,0.000000,27.407027,2.015416,99,99,0,0,0,0,0
1,19999,44,10000,2,0,40,9999,0.100000,99,198,0.000000,1,1.000000,24.973917,5.964685,99,99,0,0,0,0,0
1,19999,45,10000,2,0,40,9999,0.100000,99,198,0.000000,1,1.000000,20.941166,2.467854,99,99,0,0,0,0,0
1,19999,46,10000,2,0,40,9999,0.100000,99,198,0.000000,1,2.000000,25.412311,14.872716,99,99,0,0,0,0,0
1,19999,47,10000,2,0,40,9999,0.100000,99,198,0.000000,1,0.000000,33.735123,1.750437,99,99,0,0,0,0,0
1,19999,48,10000,2,0,0,9999,0.100000,99,198,5.388420,1,1.000000,25.260806,2.757766,99,99,0,0,0,1,0
1,19999,49,10000,2,0,41,9999,0.100000,99,198,0.000000,1,4.000000,22.186871,5.351108,99,99,0,0,0,0,0
1,19999,50,10000,2,0,90,9999,0.100000,99,198,18.632319,1,3.000000,29.870182,7.735977,99,99,1,0,0,0,0
1,19999,51,10000,2,0,41,9999,0.100000,99,198,0.000000,1,4.000000,23.812265,9.868370,99,99,0,0,0,0,0
1,19999,52,10000,2,0,41,9999,0.100000,99,198,0.000000,1,2.000000,14.384601,3.977789,99,99,0,0,0,0,0
1,19999,53,10000,2,0,40,9999,0.100000,99,198,0.000000,1,0.000000,19.711285,1.936769,99,99,0,0,0,0,0
1,19999,54,10000,2,0,40,9999,0.100000,99,198,0.000000,1,0.000000,31.501820,22.261989,99,99,0,0,0,0,0
1,19999,55,10000,2,0,41,9999,0.100000,99,198,0.000000,1,4.000000,25.159440,10.326203,99,99,0,0,0,0,0
1,19999,56,10000,2,0,40,9999,0.100000,99,198,0.000000,1,3.000000,29.732840,10.796035,99,99,0,0,0,0,0
1,19999,57,10000,2,0,90,9999,0.100000,99,198,15.444941,1,2.000000,32.229092,16.320318,99,99,1,0,0,0,0
1,19999,58,10000,2,0,40,9999,0.100000,99,198,0.000000,1,0.000000,23.944657,1.013979,99,99,0,0,0,0,0
1,19999,59,10000,2,0,40,9999,0.100000,99,198,0.000000,1,0.000000,31.869934,3.839163,99,99,0,0,0,0,0
1,19999,60,10000,2,0,40,9999,0.100000,99,198,0.000000,1,2.000000,25.089476,6.244441,99,99,0,0,0,0,0
1,19999,61,10000,2,0,40,9999,0.100000,99,198,0.000000,1,2.000000,20.963111,11.887849,99,99,0,0,0,0,0
1,19999,62,10000,2,0,0,9999,0.100000,99,198,0.002729,1,0.000000,24.714812,0.102183,99,99,0,0,0,0,1
1,19999,63,10000,2,0,40,9999,0.100000,99,198,0.000000,1,1.000000,18.228584,7.452408,99,99,0,0,0,0,0
1,19999,64,10000,2,0,40,9999,0.100000,99,198,0.000000,1,0.000000,22.348760,0.172781,99,99,0,0,0,0,0
1,19999,65,10000,2,0,40,9999,0.100000,99,198,0.000000,1,0.000000,28.943484,0.090611,99,99,0,0,0,0,0
1,19999,66,10000,2,0,6,9999,0.100000,99,198,0.009862,1,8.000000,12.594533,16.785913,99,99,0,0,1,0,0
1,19999,67,10000,2,0,0,9999,0.100000,99,198,0.306875,1,0.000000,34.269692,1.671912,99,99,0,0,0,0,1
1,19999,68,10000,2,0,40,9999,0.100000,99,198,0.000000,1,1.000000,27.548051,2.499354,99,99,0,0,0,0,0
1,19999,69,10000,2,0,40,9999,0.100000,99,198,0.000000,1,0.000000,21.601396,0.786286,99,99,0,0,0,0,0
1,19999,70,10000,2,0,42,9999,0.100000,99,198,0.000000,1,5.000000,20.598917,12.313317,99,99,0,0,0,0,0
1,19999,71,10000,2,0,98,9999,0.100000,99,198,80.477749,1,15.000000,16.356708,17.798965,99,99,1,0,0,0,0
1,19999,72,10000,2,0,41,9999,0.100000,99,198,0.000000,1,3.000000,26.238316,15.823377,99,99,0,0,0,0,0
1,19999,73,10000,2,0,0,9999,0.100000,99,198,0.040957,1,0.000000,15.197183,0.152650,99,99,0,1,0,0,0
1,19999,74,10000,2,0,40,9999,0.100000,99,198,0.000000,1,1.000000,24.785988,1.511814,99,99,0,0,0,0,0
1,19999,75,10000,2,0,0,9999,0.100000,99,198,0.706050,1,0.000000,18.126995,0.437189,99,99,0,0,0,1,0
1,19999,76,10000,2,0,41,9999,0.100000,99,198,0.000000,1,3.000000,26.722589,14.676606,99,99,0,0,0,0,0
1,19999,77,10000,2,0,40,9999,0.100000,99,198,0.000000,1,0.000000,29.298591,0.084445,99,99,0,0,0,0,0
1,19999,78,10000,2,0,40,9999,0.100000,99,198,0.000000,1,0.000000,23.673321,0.116385,99,99,0,0,0,0,0
1,19999,79,10000,2,0,40,9999,0.100000,99,198,0.000000,1,0.000000,31.167410,12.940515,99,99,0,0,0,0,0
1,19999,80,10000,2,0,91,9999,0.100000,99,198,30.408368,1,5.000000,25.226433,6.868918,99,99,1,0,0,0,0
1,19999,81,10000,2,0,40,9999,0.100000,99,198,0.000000,1,0.000000,26.725642,1.866605,99,99,0,0,0,0,0
1,19999,82,10000,2,0,40,9999,0.100000,99,198,0.000000,1,0.000000,33.832482,0.797383,99,99,0,0,0,0,0
1,19999,83,10000,2,0,0,9999,0.100000,99,198,1.125213,1,0.000000,16.658489,0.320981,99,99,0,0,1,0,0
1,19999,84,10000,2,0,1,9999,0.100000,99,198,15.385789,1,4.000000,28.362026,16.115103,99,99,0,1,0,0,0
1,19999,85,10000,2,0,41,9999,0.100000,99,198,0.000000,1,4.000000,27.700870,11.729029,99,99,0,0,0,0,0
1,19999,86,10000,2,0,41,9999,0.100000,99,198,0.000000,1,3.000000,25.372065,7.984301,99,99,0,0,0,0,0
1,19999,87,10000,2,0,40,9999,0.100000,99,198,0.000000,1,0.000000,18.065168,0.555156,99,99,0,0,0,0,0
1,19999,88,10000,2,0,0,9999,0.100000,99,198,1.053800,1,0.000000,21.988603,0.249448,99,99,0,0,0,1,0
1,19999,89,10000,2,0,40,9999,0.100000,99,198,0.000000,1,0.000000,20.819192,1.554396,99,99,0,0,0,0,0
1,19999,90,10000,2,0,0,9999,0.100000,99,198,0.000783,1,0.000000,27.517075,0.065565,99,99,0,0,0,0,1
1,19999,91,10000,2,0,41,9999,0.100000,99,198,0.000000,1,4.000000,30.570702,16.268921,99,99,0,0,0,0,0
1,19999,92,10000,2,0,43,9999,0.100000,99,198,0.000000,1,6.000000,15.627243,14.653765,99,99,0,0,0,0,0
1,19999,93,10000,2,0,40,9999,0.100000,99,198,0.000000,1,0.000000,27.855415,4.428498,99,99,0,0,0,0,0
1,19999,94,10000,2,0,40,9999,0.100000,99,198,0.000000,1,0.000000,16.594031,0.448543,99,99,0,0,0,0,0
1,19999,95,10000,2,0,40,9999,0.100000,99,198,0.000000,1,0.000000,33.332368,14.429854,99,99,0,0,0,0,0
1,19999,96,10000,2,0,40,9999,0.100000,99,198,0.000000,1,0.000000,25.362616,5.822895,99,99,0,0,0,0,0
1,19999,97,10000,2,0,40,9999,0.100000,99,198,0.000000,1,1.000000,17.793052,6.074482,99,99,0,0,0,0,0
1,19999,98,10000,2,0,40,9999,0.100000,99,198,0.000000,1,0.000000,26.784031,4.224948,99,99,0,0,0,0,0
1,19999,99,10000,2,0,40,9999,0.100000,99,198,0.000000,1,0.000000,31.095189,0.976468,99,99,0,0,0,0,0
2,29999,0,20000,71,10000,0,9999,0.100000,99,297,0.549761,1,0.000000,28.218432,0.389483,99,99,0,0,1,0,0
2,29999,1,20000,71,10000,40,9999,0.100000,99,297,0.000000,1,1.000000,28.805609,12.333392,99,99,0,0,0,0,0
2,29999,2,20000,71,10000,40,9999,0.100000,99,297,0.000000,2,0.000000,33.095236,0.296474,99,99,0,0,0,0,0
2,29999,3,20000,71,10000,0,9999,0.100000,99,297,0.006617,1,0.000000,20.091654,0.156038,99,99,0,1,0,0,0
2,29999,4,20000,71,10000,0,9999,0.100000,99,297,0.630980,1,0.000000,19.386905,0.600468,99,99,0,0,0,0,1
2,29999,5,20000,71,10000,0,9999,0.100000,99,297,0.000874,1,0.000000,24.264687,0.319328,99,99,0,0,0,1,0
2,29999,6,20000,71,10000,40,9999,0.100000,99,297,0.000000,2,0.000000,18.922572,1.090208,99,99,0,0,0,0,0
2,29999,7,20000,71,10000,40,9999,0.100000,99,297,0.000000,1,0.000000,30.500422,0.996154,99,99,0,0,0,0,0
2,29999,8,20000,71,10000,40,9999,0.100000,99,297,0.000000,2,3.000000,28.741325,10.478766,99,99,0,0,0,0,0
2,29999,9,20000,71,10000,0,9999,0.100000,99,297,0.000614,1,0.000000,23.195299,0.103023,99,99,0,0,0,1,0
2,29999,10,20000,71,10000,0,9999,0.100000,99,297,0.554698,1,0.000000,20.154777,0.275955,99,99,0,0,0,0,1
2,29999,11,20000,71,10000,0,9999,0.100000,99,297,1.446890,2,0.000000,25.111458,0.889547,99,99,0,0,1,0,0
2,29999,12,20000,71,10000,40,9999,0.100000,99,297,0.000000,2,3.000000,29.608113,15.240399,99,99,0,0,0,0,0
2,29999,13,20000,71,10000,0,9999,0.100000,99,297,7.290581,2,1.000000,17.663192,1.833746,99,99,0,0,1,0,0
2,29999,14,20000,71,10000,40,9999,0.100000,99,297,0.000000,1,1.000000,33.001741,14.886704,99,99,0,0,0,0,0
2,29999,15,20000,71,10000,40,9999,0.100000,99,297,0.000000,1,1.000000,17.427331,2.056831,99,99,0,0,0,0,0
2,29999,16,20000,71,10000,0,9999,0.100000,99,297,0.000458,1,0.000000,29.048610,0.142540,99,99,0,0,0,0,1
2,29999,17,20000,71,10000,0,9999,0.100000,99,297,0.103509,2,0.000000,22.067323,0.118889,99,99,0,0,0,0,1
2,29999,18,20000,71,10000,40,9999,0.100000,99,297,0.000000,1,0.000000,30.534684,1.696024,99,99,0,0,0,0,0
2,29999,19,20000,71,10000,0,9999,0.100000,99,297,0.623745,2,0.000000,30.899374,0.089610,99,99,0,0,0,1,0
2,29999,20,20000,71,10000,40,9999,0.100000,99,297,0.000000,2,0.000000,22.382462,18.902977,99,99,0,0,0,0,0
2,29999,21,20000,71,10000,40,9999,0.100000,99,297,0.000000,1,0.000000,24.069356,0.250920,99,99,0,0,0,0,0
2,29999,22,20000,71,10000,0,9999,0.100000,99,297,0.000369,2,1.000000,23.774239,19.400095,99,99,0,0,0,1,0
2,29999,23,20000,71,10000,40,9999,0.100000,99,297,0.000000,2,2.000000,29.313887,9.625978,99,99,0,0,0,0,0
2,29999,24,20000,71,10000,40,9999,0.100000,99,297,0.000000,2,0.000000,22.659578,0.433561,99,99,0,0,0,0,0
2,29999,25,20000,71,10000,40,9999,0.100000,99,297,0.000000,2,2.000000,29.051206,9.450641,99,99,0,0,0,0,0
2,29999,26,20000,71,10000,40,9999,0.100000,99,297,0.000000,1,0.000000,34.206307,0.436135,99,99,0,0,0,0,0
2,29999,27,20000,71,10000,0,9999,0.100000,99,297,3.259932,1,0.000000,30.378206,1.400297,99,99,0,0,0,1,0
2,29999,28,20000,71,10000,0,9999,0.100000,99,297,0.029907,1,0.000000,26.222765,3.606982,99,99,0,0,0,1,0
2,29999,29,20000,71,10000,0,9999,0.100000,99,297,0.006130,2,0.000000,20.470696,0.064166,99,99,0,0,0,0,1
2,29999,30,20000,71,10000,0,9999,0.100000,99,297,0.127122,1,0.000000,23.381724,0.160631,99,99,0,1,0,0,0
2,29999,31,20000,71,10000,40,9999,0.100000,99,297,0.000000,2,0.000000,26.134505,1.582904,99,99,0,0,0,0,0
2,29999,32,20000,71,10000,40,9999,0.100000,99,297,0.000000,2,0.000000,24.814986,0.611402,99,99,0,0,0,0,0
2,29999,33,20000,71,10000,40,9999,0.100000,99,297,0.000000,1,0.000000,19.706563,0.271067,99,99,0,0,0,0,0
2,29999,34,20000,71,10000,40,9999,0.100000,99,297,0.000000,1,0.000000,22.435809,0.525432,99,99,0,0,0,0,0
2,29999,35,20000,71,10000,40,9999,0.100000,99,297,0.000000,1,0.000000,30.918452,1.008060,99,99,0,0,0,0,0
2,29999,36,20000,71,10000,40,9999,0.100000,99,297,0.000000,1,2.000000,28.847535,7.464949,99,99,0,0,0,0,0
2,29999,37,20000,71,10000,0,9999,0.100000,99,297,0.009402,2,0.000000,30.271146,0.126280,99,99,0,0,1,0,0
2,29999,38,20000,71,10000,40,9999,0.100000,99,297,0.000000,2,0.000000,25.660013,1.000650,99,99,0,0,0,0,0
2,29999,39,20000,71,10000,40,9999,0.100000,99,297,0.000000,2,0.000000,22.195795,0.185400,99,99,0,0,0,0,0
2,29999,40,20000,71,10000,0,9999,0.100000,99,297,3.754557,1,0.000000,15.670496,2.112831,99,99,0,1,0,0,0
2,29999,41,20000,71,10000,40,9999,0.100000,99,297,0.000000,1,0.000000,21.175022,13.044750,99,99,0,0,0,0,0
2,29999,42,20000,71,10000,0,9999,0.100000,99,297,1.871950,2,0.000000,28.545703,0.705406,99,99,0,0,1,0,0
2,29999,43,20000,71,10000,40,9999,0.100000,99,297,0.000000,2,1.000000,27.977208,2.095658,99,99,0,0,0,0,0
2,29999,44,20000,71,10000,40,9999,0.100000,99,297,0.000000,1,1.000000,25.932506,4.534614,99,99,0,0,0,0,0
2,29999,45,20000,71,10000,40,9999,0.100000,99,297,0.000000,2,0.000000,19.712174,5.292217,99,99,0,0,0,0,0
2,29999,46,20000,71,10000,40,9999,0.100000,99,297,0.000000,1,0.000000,26.654056,12.890491,99,99,0,0,0,0,0
2,29999,47,20000,71,10000,40,9999,0.100000,99,297,0.000000,1,0.000000,33.751091,2.302576,99,99,0,0,0,0,0
2,29999,48,20000,71,10000,40,9999,0.100000,99,297,0.000000,2,0.000000,25.964214,0.723529,99,99,0,0,0,0,0
2,29999,49,20000,71,10000,40,9999,0.100000,99,297,0.000000,2,0.000000,24.541463,0.764415,99,99,0,0,0,0,0
2,29999,50,20000,71,10000,40,9999,0.100000,99,297,0.000000,1,1.000000,32.110537,9.625072,99,99,0,0,0,0,0
2,29999,51,20000,71,10000,40,9999,0.100000,99,297,0.000000,2,0.000000,23.304457,1.176514,99,99,0,0,0,0,0
2,29999,52,20000,71,10000,40,9999,0.100000,99,297,0.000000,2,0.000000,12.898713,0.989079,99,99,0,0,0,0,0
2,29999,53,20000,71,10000,40,9999,0.100000,99,297,0.000000,2,0.000000,19.795498,0.350771,99,99,0,0,0,0,0
2,29999,54,20000,71,10000,40,9999,0.100000,99,297,0.000000,1,1.000000,30.890200,16.869006,99,99,0,0,0,0,0
2,29999,55,20000,71,10000,0,9999,0.100000,99,297,0.000000,2,1.000000,25.729907,6.862722,99,99,0,1,0,0,0
2,29999,56,20000,71,10000,40,9999,0.100000,99,297,0.000000,1,2.000000,28.772361,10.246971,99,99,0,0,0,0,0
2,29999,57,20000,71,10000,40,9999,0.100000,99,297,0.000000,2,1.000000,34.076192,15.535248,99,99,0,0,0,0,0
2,29999,58,20000,71,10000,40,9999,0.100000,99,297,0.000000,1,0.000000,23.179885,0.935102,99,99,0,0,0,0,0
2,29999,59,20000,71,10000,40,9999,0.100000,99,297,0.000000,1,0.000000,31.352659,0.221420,99,99,0,0,0,0,0
2,29999,60,20000,71,10000,40,9999,0.100000,99,297,0.000000,2,0.000000,27.217605,7.134336,99,99,0,0,0,0,0
2,29999,61,20000,71,10000,40,9999,0.100000,99,297,0.000000,1,0.000000,21.517783,22.304461,99,99,0,0,0,0,0
2,29999,62,20000,71,10000,0,9999,0.100000,99,297,0.004651,1,0.000000,24.714330,0.112191,99,99,0,0,0,0,1
2,29999,63,20000,71,10000,40,9999,0.100000,99,297,0.000000,2,0.000000,18.249911,0.815722,99,99,0,0,0,0,0
2,29999,64,20000,71,10000,40,9999,0.100000,99,297,0.000000,1,0.000000,22.318290,0.156663,99,99,0,0,0,0,0
2,29999,65,20000,71,10000,40,9999,0.100000,99,297,0.000000,1,0.000000,28.939742,0.088051,99,99,0,0,0,0,0
2,29999,66,20000,71,10000,46,9999,0.100000,99,297,0.000000,2,8.000000,12.530593,17.904553,99,99,0,0,0,0,0
2,29999,67,20000,71,10000,0,9999,0.100000,99,297,0.437414,1,0.000000,34.079503,0.213815,99,99,0,0,0,0,1
2,29999,68,20000,71,10000,40,9999,0.100000,99,297,0.000000,2,0.000000,28.252958,0.904444,99,99,0,0,0,0,0
2,29999,69,20000,71,10000,40,9999,0.100000,99,297,0.000000,1,0.000000,21.173954,0.071572,99,99,0,0,0,0,0
2,29999,70,20000,71,10000,40,9999,0.100000,99,297,0.000000,2,0.000000,16.873070,13.174657,99,99,0,0,0,0,0
2,29999,71,20000,80,10000,40,9999,0.100000,99,297,0.000000,2,2.000000,28.604377,8.374207,99,99,0,0,0,0,0
2,29999,72,20000,71,10000,40,9999,0.100000,99,297,0.000000,2,2.000000,28.874221,7.676953,99,99,0,0,0,0,0
2,29999,73,20000,71,10000,0,9999,0.100000,99,297,0.034359,2,0.000000,15.184728,0.158551,99,99,0,1,0,0,0
2,29999,74,20000,71,10000,40,9999,0.100000,99,297,0.000000,1,1.000000,25.466029,3.309145,99,99,0,0,0,0,0
2,29999,75,20000,71,10000,0,9999,0.100000,99,297,0.898200,1,0.000000,18.255237,0.648349,99,99,0,0,0,1,0
2,29999,76,20000,71,10000,40,9999,0.100000,99,297,0.000000,2,2.000000,28.927330,11.222047,99,99,0,0,0,0,0
2,29999,77,20000,71,10000,40,9999,0.100000,99,297,0.000000,1,0.000000,29.294690,0.082277,99,99,0,0,0,0,0
2,29999,78,20000,71,10000,40,9999,0.100000,99,297,0.000000,1,0.000000,23.669743,0.184104,99,99,0,0,0,0,0
2,29999,79,20000,71,10000,40,9999,0.100000,99,297,0.000000,2,0.000000,31.089441,11.772747,99,99,0,0,0,0,0
2,29999,80,20000,71,10000,90,9999,0.100000,99,297,2.130406,2,0.000000,30.440438,0.946534,99,99,1,0,0,0,0
2,29999,81,20000,71,10000,40,9999,0.100000,99,297,0.000000,1,0.000000,26.245815,1.037318,99,99,0,0,0,0,0
2,29999,82,20000,71,10000,40,9999,0.100000,99,297,0.000000,1,0.000000,33.875002,1.127140,99,99,0,0,0,0,0
2,29999,83,20000,71,10000,40,9999,0.100000,99,297,0.000000,1,0.000000,16.539548,0.371952,99,99,0,0,0,0,0
2,29999,84,20000,71,10000,40,9999,0.065000,99,297,0.000000,2,3.000000,29.229603,15.629438,99,99,0,0,0,0,0
2,29999,85,20000,71,10000,40,9999,0.100000,99,297,0.000000,2,1.000000,29.152008,1.298698,99,99,0,0,0,0,0
2,29999,86,20000,71,10000,40,9999,0.100000,99,297,0.000000,2,0.000000,25.498293,4.233218,99,99,0,0,0,0,0
2,29999,87,20000,71,10000,40,9999,0.100000,99,297,0.000000,2,1.000000,17.915942,1.574637,99,99,0,0,0,0,0
2,29999,88,20000,71,10000,0,9999,0.100000,99,297,1.152638,1,0.000000,22.123608,0.287674,99,99,0,0,0,1,0
2,29999,89,20000,71,10000,40,9999,0.100000,99,297,0.000000,1,0.000000,21.552107,1.401205,99,99,0,0,0,0,0
2,29999,90,20000,71,10000,0,9999,0.100000,99,297,0.000734,1,0.000000,27.517009,0.065048,99,99,0,0,0,0,1
2,29999,91,20000,71,10000,40,9999,0.100000,99,297,0.000000,2,3.000000,29.003341,11.007122,99,99,0,0,0,0,0
2,29999,92,20000,71,10000,40,9999,0.100000,99,297,0.000000,2,0.000000,15.837616,4.076844,99,99,0,0,0,0,0
2,29999,93,20000,71,10000,40,9999,0.100000,99,297,0.000000,1,0.000000,27.886513,5.519647,99,99,0,0,0,0,0
2,29999,94,20000,71,10000,40,9999,0.100000,99,297,0.000000,1,0.000000,16.448904,1.150073,99,99,0,0,0,0,0
2,29999,95,20000,71,10000,40,9999,0.100000,99,297,0.000000,2,0.000000,33.365011,18.762494,99,99,0,0,0,0,0
2,29999,96,20000,71,10000,40,9999,0.100000,99,297,0.000000,1,0.000000,26.343962,4.316307,99,99,0,0,0,0,0
2,29999,97,20000,71,10000,0,9999,0.100000,99,297,0.761585,2,0.000000,16.591635,0.927469,99,99,0,0,1,0,0
2,29999,98,20000,71,10000,40,9999,0.100000,99,297,0.000000,1,0.000000,27.255881,4.198672,99,99,0,0,0,0,0
2,29999,99,20000,71,10000,40,9999,0.100000,99,297,0.000000,1,0.000000,31.360119,0.958406,99,99,0,0,0,0,0
3,39999,0,30000,13,20000,0,9999,0.100000,99,396,0.001384,1,0.000000,28.094511,0.103748,99,99,0,0,1,0,0
3,39999,1,30000,13,20000,40,9999,0.100000,99,396,0.000000,1,1.000000,28.474262,4.286050,99,99,0,0,0,0,0
3,39999,2,30000,13,20000,0,9999,0.100000,99,396,0.001235,2,0.000000,33.278369,0.341770,99,99,0,0,0,0,1
3,39999,3,30000,13,20000,0,9999,0.100000,99,396,0.049053,1,0.000000,20.051089,0.154677,99,99,0,1,0,0,0
3,39999,4,30000,13,20000,0,9999,0.100000,99,396,0.271990,1,0.000000,19.482306,0.666122,99,99,0,0,0,0,1
3,39999,5,30000,13,20000,0,9999,0.100000,99,396,0.000805,2,0.000000,24.151637,0.107705,99,99,0,0,0,1,0
3,39999,6,30000,13,20000,40,9999,0.100000,99,396,0.000000,2,0.000000,19.470018,0.509274,99,99,0,0,0,0,0
3,39999,7,30000,13,20000,40,9999,0.100000,99,396,0.000000,1,0.000000,30.709141,0.998702,99,99,0,0,0,0,0
3,39999,8,30000,13,20000,41,9999,0.100000,99,396,0.000000,3,4.000000,27.068463,16.209782,99,99,0,0,0,0,0
3,39999,9,30000,13,20000,0,9999,0.100000,99,396,0.000005,1,0.000000,23.196368,0.103786,99,99,0,0,0,1,0
3,39999,10,30000,13,20000,0,9999,0.100000,99,396,0.943747,1,0.000000,20.287449,0.247772,99,99,0,0,0,0,1
3,39999,11,30000,13,20000,41,9999,0.100000,99,396,0.000000,2,5.000000,25.292909,6.139419,99,99,0,0,0,0,0
3,39999,12,30000,13,20000,40,9999,0.100000,99,396,0.000000,3,2.000000,28.489613,11.651588,99,99,0,0,0,0,0
3,39999,13,30000,40,20000,40,9999,0.100000,99,396,0.000000,2,0.000000,18.961916,0.314990,99,99,0,0,0,0,0
3,39999,14,30000,13,20000,40,9999,0.100000,99,396,0.000000,1,1.000000,32.407536,17.837639,99,99,0,0,0,0,0
3,39999,15,30000,13,20000,40,9999,0.100000,99,396,0.000000,1,0.000000,18.996250,0.252667,99,99,0,0,0,0,0
3,39999,16,30000,13,20000,0,9999,0.100000,99,396,0.000793,1,0.000000,29.045860,0.133721,99,99,0,0,0,0,1
3,39999,17,30000,13,20000,0,9999,0.100000,99,396,0.101153,2,0.000000,22.028600,0.126597,99,99,0,0,0,0,1
3,39999,18,30000,13,20000,0,9999,0.100000,99,396,0.064054,1,0.000000,29.725701,2.973482,99,99,0,0,0,1,0
3,39999,19,30000,13,20000,0,9999,0.100000,99,396,3.337892,2,0.000000,30.913088,0.623225,99,99,0,0,0,1,0
3,39999,20,30000,13,20000,40,9999,0.100000,99,396,0.000000,2,0.000000,22.632938,0.835616,99,99,0,0,0,0,0
3,39999,21,30000,13,20000,40,9999,0.100000,99,396,0.000000,2,0.000000,23.983987,0.093146,99,99,0,0,0,0,0
3,39999,22,30000,13,20000,40,9999,0.100000,99,396,0.000000,3,0.000000,23.549772,0.102403,99,99,0,0,0,0,0
3,39999,23,30000,13,20000,40,9999,0.100000,99,396,0.000000,2,0.000000,30.009407,7.711251,99,99,0,0,0,0,0
3,39999,24,30000,13,20000,40,9999,0.100000,99,396,0.000000,3,0.000000,22.795497,0.114052,99,99,0,0,0,0,0
3,39999,25,30000,13,20000,40,9999,0.100000,99,396,0.000000,3,0.000000,30.140543,1.005281,99,99,0,0,0,0,0
3,39999,26,30000,13,20000,40,9999,0.100000,99,396,0.000000,1,1.000000,34.305143,3.754811,99,99,0,0,0,0,0
3,39999,27,30000,13,20000,40,9999,0.100000,99,396,0.000000,1,0.000000,29.571526,1.001383,99,99,0,0,0,0,0
3,39999,28,30000,13,20000,0,9999,0.100000,99,396,0.442295,2,0.000000,25.997013,0.369401,99,99,0,0,0,1,0
3,39999,29,30000,13,20000,40,9999,0.100000,99,396,0.000000,2,0.000000,20.467500,0.065193,99,99,0,0,0,0,0
3,39999,30,30000,13,20000,0,9999,0.100000,99,396,0.076947,1,0.000000,23.336638,0.164646,99,99,0,1,0,0,0
3,39999,31,30000,13,20000,40,9999,0.100000,99,396,0.000000,2,0.000000,26.354792,1.269720,99,99,0,0,0,0,0
3,39999,32,30000,13,20000,41,9999,0.100000,99,396,0.000000,2,5.000000,25.019230,6.041752,99,99,0,0,0,0,0
3,39999,33,30000,13,20000,40,9999,0.100000,99,396,0.000000,1,0.000000,19.784650,0.269683,99,99,0,0,0,0,0
3,39999,34,30000,13,20000,40,9999,0.100000,99,396,0.000000,1,0.000000,22.660135,0.512357,99,99,0,0,0,0,0
3,39999,35,30000,13,20000,40,9999,0.100000,99,396,0.000000,1,0.000000,31.169367,0.993527,99,99,0,0,0,0,0
3,39999,36,30000,13,20000,40,9999,0.100000,99,396,0.000000,1,0.000000,30.184534,1.029115,99,99,0,0,0,0,0
3,39999,37,30000,13,20000,0,9999,0.100000,99,396,0.000447,2,0.000000,30.271261,0.118677,99,99,0,0,1,0,0
3,39999,38,30000,13,20000,40,9999,0.100000,99,396,0.000000,2,0.000000,24.904623,0.978562,99,99,0,0,0,0,0
3,39999,39,30000,13,20000,40,9999,0.100000,99,396,0.000000,2,0.000000,22.167359,0.174766,99,99,0,0,0,0,0
3,39999,40,30000,13,20000,0,9999,0.100000,99,396,1.452935,1,0.000000,15.427650,0.602582,99,99,0,1,0,0,0
3,39999,41,30000,13,20000,41,9999,0.100000,99,396,0.000000,1,3.000000,20.213581,8.486595,99,99,0,0,0,0,0
3,39999,42,30000,13,20000,0,9999,0.100000,99,396,2.991143,2,0.000000,28.575526,0.603674,99,99,0,0,1,0,0
3,39999,43,30000,13,20000,40,9999,0.100000,99,396,0.000000,2,1.000000,27.833226,1.487465,99,99,0,0,0,0,0
3,39999,44,30000,13,20000,41,9999,0.100000,99,396,0.000000,1,3.000000,27.437370,15.124582,99,99,0,0,0,0,0
3,39999,45,30000,13,20000,40,9999,0.100000,99,396,0.000000,2,1.000000,19.577038,5.572435,99,99,0,0,0,0,0
3,39999,46,30000,13,20000,40,9999,0.100000,99,396,0.000000,1,0.000000,26.409039,0.915458,99,99,0,0,0,0,0
3,39999,47,30000,13,20000,40,9999,0.100000,99,396,0.000000,1,0.000000,33.751896,0.916682,99,99,0,0,0,0,0
3,39999,48,30000,13,20000,40,9999,0.100000,99,396,0.000000,2,0.000000,26.216012,0.783063,99,99,0,0,0,0,0
3,39999,49,30000,13,20000,1,9999,0.100000,99,396,29.919797,2,5.000000,24.770900,6.094098,99,99,0,0,1,0,0
3,39999,50,30000,13,20000,40,9999,0.100000,99,396,0.000000,2,2.000000,32.618610,16.628674,99,99,0,0,0,0,0
3,39999,51,30000,13,20000,0,9999,0.100000,99,396,0.002256,2,0.000000,23.315215,0.107099,99,99,0,0,0,1,0
3,39999,52,30000,13,20000,40,9999,0.100000,99,396,0.000000,3,0.000000,12.705151,1.189878,99,99,0,0,0,0,0
3,39999,53,30000,13,20000,40,9999,0.100000,99,396,0.000000,2,0.000000,19.943410,0.391150,99,99,0,0,0,0,0
3,39999,54,30000,13,20000,40,9999,0.100000,99,396,0.000000,1,0.000000,30.082804,22.196269,99,99,0,0,0,0,0
3,39999,55,30000,13,20000,40,9999,0.100000,99,396,0.000000,3,0.000000,27.164222,1.006572,99,99,0,0,0,0,0
3,39999,56,30000,13,20000,40,9999,0.100000,99,396,0.000000,1,2.000000,28.031039,10.908291,99,99,0,0,0,0,0
3,39999,57,30000,13,20000,40,9999,0.100000,99,396,0.000000,3,2.000000,34.669697,16.062192,99,99,0,0,0,0,0
3,39999,58,30000,13,20000,40,9999,0.100000,99,396,0.000000,1,0.000000,22.521819,0.586053,99,99,0,0,0,0,0
3,39999,59,30000,13,20000,40,9999,0.100000,99,396,0.000000,1,0.000000,31.454891,1.311336,99,99,0,0,0,0,0
3,39999,60,30000,13,20000,40,9999,0.100000,99,396,0.000000,2,0.000000,27.679139,8.997892,99,99,0,0,0,0,0
3,39999,61,30000,13,20000,40,9999,0.100000,99,396,0.000000,1,0.000000,21.548954,22.329725,99,99,0,0,0,0,0
3,39999,62,30000,13,20000,0,9999,0.100000,99,396,0.001125,1,0.000000,24.713666,0.097054,99,99,0,0,0,0,1
3,39999,63,30000,13,20000,40,9999,0.100000,99,396,0.000000,2,0.000000,18.420603,2.832353,99,99,0,0,0,0,0
3,39999,64,30000,13,20000,40,9999,0.100000,99,396,0.000000,1,0.000000,22.296989,0.155191,99,99,0,0,0,0,0
3,39999,65,30000,13,20000,40,9999,0.100000,99,396,0.000000,1,0.000000,28.936903,0.088086,99,99,0,0,0,0,0
3,39999,66,30000,13,20000,46,9999,0.100000,99,396,0.000000,3,8.000000,12.090920,16.958842,99,99,0,0,0,0,0
3,39999,67,30000,13,20000,0,9999,0.100000,99,396,1.877085,1,0.000000,34.052874,0.591658,99,99,0,0,0,0,1
3,39999,68,30000,13,20000,40,9999,0.100000,99,396,0.000000,2,0.000000,27.744023,1.004171,99,99,0,0,0,0,0
3,39999,69,30000,13,20000,0,9999,0.100000,99,396,0.004913,1,0.000000,21.172385,0.070838,99,99,0,0,0,0,1
3,39999,70,30000,13,20000,40,9999,0.100000,99,396,0.000000,2,1.000000,16.370829,8.091299,99,99,0,0,0,0,0
3,39999,71,30000,13,20000,43,9999,0.100000,99,396,0.000000,2,9.000000,27.972031,15.094096,99,99,0,0,0,0,0
3,39999,72,30000,13,20000,40,9999,0.100000,99,396,0.000000,2,1.000000,28.267007,6.486320,99,99,0,0,0,0,0
3,39999,73,30000,13,20000,0,9999,0.100000,99,396,0.031579,2,0.000000,15.173611,0.161611,99,99,0,1,0,0,0
3,39999,74,30000,13,20000,40,9999,0.100000,99,396,0.000000,1,0.000000,25.762789,0.497126,99,99,0,0,0,0,0
3,39999,75,30000,13,20000,0,9999,0.100000,99,396,0.609690,1,0.000000,18.427195,0.568858,99,99,0,0,0,1,0
3,39999,76,30000,13,20000,41,9999,0.100000,99,396,0.000000,3,5.000000,27.635040,16.415110,99,99,0,0,0,0,0
3,39999,77,30000,13,20000,40,9999,0.100000,99,396,0.000000,1,0.000000,29.291942,0.083584,99,99,0,0,0,0,0
3,39999,78,30000,13,20000,40,9999,0.100000,99,396,0.000000,1,0.000000,23.634700,0.095883,99,99,0,0,0,0,0
3,39999,79,30000,13,20000,40,9999,0.100000,99,396,0.000000,2,1.000000,31.317694,13.683024,99,99,0,0,0,0,0
3,39999,80,30000,13,20000,90,9999,0.100000,99,396,0.000000,3,1.000000,30.917046,4.865587,99,99,1,0,0,0,0
3,39999,81,30000,13,20000,40,9999,0.100000,99,396,0.000000,1,0.000000,25.507794,1.011531,99,99,0,0,0,0,0
3,39999,82,30000,13,20000,40,9999,0.100000,99,396,0.000000,1,0.000000,33.917288,0.595216,99,99,0,0,0,0,0
3,39999,83,30000,13,20000,0,9999,0.100000,99,396,0.173261,2,0.000000,16.429927,0.339604,99,99,0,0,1,0,0
3,39999,84,30000,13,20000,40,9999,0.100000,99,396,0.000000,3,1.000000,28.277365,6.534964,99,99,0,0,0,0,0
3,39999,85,30000,13,20000,40,9999,0.100000,99,396,0.000000,2,1.000000,28.770334,1.243069,99,99,0,0,0,0,0
3,39999,86,30000,13,20000,41,9999,0.100000,99,396,0.000000,2,5.000000,25.126254,14.592791,99,99,0,0,0,0,0
3,39999,87,30000,13,20000,0,9999,0.100000,99,396,0.606733,2,1.000000,18.938025,3.054728,99,99,0,0,1,0,0
3,39999,88,30000,13,20000,0,9999,0.100000,99,396,1.428968,1,0.000000,22.334229,0.336550,99,99,0,0,0,1,0
3,39999,89,30000,13,20000,40,9999,0.100000,99,396,0.000000,1,0.000000,22.352943,0.721372,99,99,0,0,0,0,0
3,39999,90,30000,13,20000,0,9999,0.100000,99,396,0.000572,1,0.000000,27.516852,0.065003,99,99,0,0,0,0,1
3,39999,91,30000,13,20000,40,9999,0.100000,99,396,0.000000,2,1.000000,28.268716,4.989604,99,99,0,0,0,0,0
3,39999,92,30000,13,20000,40,9999,0.100000,99,396,0.000000,2,0.000000,15.421509,0.518839,99,99,0,0,0,0,0
3,39999,93,30000,13,20000,40,9999,0.100000,99,396,0.000000,1,0.000000,27.860399,6.899563,99,99,0,0,0,0,0
3,39999,94,30000,13,20000,40,9999,0.100000,99,396,0.000000,1,0.000000,16.259877,1.003703,99,99,0,0,0,0,0
3,39999,95,30000,13,20000,40,9999,0.100000,99,396,0.000000,2,0.000000,33.126974,13.343630,99,99,0,0,0,0,0
3,39999,96,30000,13,20000,41,9999,0.100000,99,396,0.000000,1,3.000000,26.649005,8.600988,99,99,0,0,0,0,0
3,39999,97,30000,13,20000,40,9999,0.100000,99,396,0.000000,3,0.000000,16.478704,4.793061,99,99,0,0,0,0,0
3,39999,98,30000,13,20000,40,9999,0.100000,99,396,0.000000,1,0.000000,27.479289,4.582524,99,99,0,0,0,0,0
3,39999,99,30000,13,20000,40,9999,0.100000,99,396,0.000000,1,0.000000,31.642281,0.933130,99,99,0,0,0,0,0
4,49999,0,40000,49,30000,0,9999,0.100000,99,495,0.000690,1,0.000000,28.093642,0.103151,99,99,0,0,1,0,0
4,49999,1,40000,49,30000,40,9999,0.100000,99,495,0.000000,1,0.000000,28.281532,0.543558,99,99,0,0,0,0,0
4,49999,2,40000,49,30000,2,9999,0.100000,99,495,0.001103,3,9.000000,33.185056,18.235167,99,99,0,0,0,0,1
4,49999,3,40000,49,30000,0,9999,0.100000,99,495,0.061020,1,0.000000,20.009649,0.149642,99,99,0,1,0,0,0
4,49999,4,40000,49,30000,0,9999,0.100000,99,495,0.187988,1,0.000000,19.552777,0.872563,99,99,0,0,0,0,1
4,49999,5,40000,49,30000,0,9999,0.100000,99,495,0.000912,2,0.000000,24.152884,0.105596,99,99,0,0,0,1,0
4,49999,6,40000,49,30000,40,9999,0.100000,99,495,0.000000,2,0.000000,19.763072,0.366448,99,99,0,0,0,0,0
4,49999,7,40000,49,30000,40,9999,0.100000,99,495,0.000000,1,0.000000,30.946395,0.989163,99,99,0,0,0,0,0
4,49999,8,40000,49,30000,41,9999,0.100000,99,495,0.000000,3,4.000000,28.229007,18.410121,99,99,0,0,0,0,0
4,49999,9,40000,49,30000,0,9999,0.100000,99,495,0.000205,1,0.000000,23.197440,0.105098,99,99,0,0,0,1,0
4,49999,10,40000,49,30000,0,9999,0.100000,99,495,0.651283,1,0.000000,20.428957,0.155157,99,99,0,0,0,0,1
4,49999,11,40000,49,30000,0,9999,0.100000,99,495,8.469273,3,1.000000,29.443762,2.080157,99,99,0,0,1,0,0
4,49999,12,40000,49,30000,40,9999,0.100000,99,495,0.000000,3,2.000000,26.530726,9.613423,99,99,0,0,0,0,0
4,49999,13,40000,49,30000,40,9999,0.100000,99,495,0.000000,3,0.000000,19.119496,0.203769,99,99,0,0,0,0,0
4,49999,14,40000,49,30000,0,9999,0.100000,99,495,1.318423,1,2.000000,31.421979,4.106938,99,99,0,0,1,0,0
4,49999,15,40000,49,30000,0,9999,0.100000,99,495,0.462955,1,0.000000,19.161277,0.216646,99,99,0,0,1,0,0
4,49999,16,40000,49,30000,0,9999,0.100000,99,495,0.000007,1,0.000000,29.043278,0.138100,99,99,0,0,0,0,1
4,49999,17,40000,49,30000,0,9999,0.100000,99,495,0.047350,2,0.000000,21.977013,0.117608,99,99,0,0,0,0,1
4,49999,18,40000,49,30000,0,9999,0.100000,99,495,0.808076,2,0.000000,29.132438,0.290941,99,99,0,0,0,1,0
4,49999,19,40000,49,30000,0,9999,0.100000,99,495,2.147513,2,0.000000,30.586809,0.760514,99,99,0,0,0,1,0
4,49999,20,40000,49,30000,40,9999,0.100000,99,495,0.000000,2,0.000000,22.898330,0.970007,99,99,0,0,0,0,0
4,49999,21,40000,49,30000,40,9999,0.100000,99,495,0.000000,2,0.000000,23.985150,0.091640,99,99,0,0,0,0,0
4,49999,22,40000,49,30000,0,9999,0.100000,99,495,0.001911,3,0.000000,23.548766,0.105939,99,99,0,0,0,1,0
4,49999,23,40000,49,30000,40,9999,0.100000,99,495,0.000000,2,1.000000,30.028505,6.357856,99,99,0,0,0,0,0
4,49999,24,40000,49,30000,40,9999,0.100000,99,495,0.000000,3,0.000000,22.794274,0.114738,99,99,0,0,0,0,0
4,49999,25,40000,49,30000,40,9999,0.100000,99,495,0.000000,3,0.000000,30.292055,0.993762,99,99,0,0,0,0,0
4,49999,26,40000,49,30000,40,9999,0.100000,99,495,0.000000,1,0.000000,33.941882,2.121509,99,99,0,0,0,0,0
4,49999,27,40000,49,30000,40,9999,0.100000,99,495,0.000000,2,0.000000,29.331020,0.893122,99,99,0,0,0,0,0
4,49999,28,40000,49,30000,0,9999,0.100000,99,495,0.876157,2,0.000000,26.216955,0.278971,99,99,0,0,0,1,0
4,49999,29,40000,49,30000,0,9999,0.100000,99,495,0.059559,2,0.000000,20.464792,0.102911,99,99,0,0,0,0,1
4,49999,30,40000,49,30000,0,9999,0.100000,99,495,0.015363,1,0.000000,23.302287,0.161167,99,99,0,1,0,0,0
4,49999,31,40000,49,30000,40,9999,0.100000,99,495,0.000000,2,0.000000,26.528455,1.258339,99,99,0,0,0,0,0
4,49999,32,40000,49,30000,40,9999,0.100000,99,495,0.000000,2,1.000000,29.197413,1.875040,99,99,0,0,0,0,0
4,49999,33,40000,49,30000,40,9999,0.100000,99,495,0.000000,1,1.000000,19.845534,5.295573,99,99,0,0,0,0,0
4,49999,34,40000,49,30000,40,9999,0.100000,99,495,0.000000,1,0.000000,22.917447,0.674976,99,99,0,0,0,0,0
4,49999,35,40000,49,30000,40,9999,0.100000,99,495,0.000000,1,0.000000,31.445090,0.974180,99,99,0,0,0,0,0
4,49999,36,40000,49,30000,40,9999,0.100000,99,495,0.000000,1,0.000000,30.351077,0.966170,99,99,0,0,0,0,0
4,49999,37,40000,49,30000,40,9999,0.100000,99,495,0.000000,2,0.000000,30.272724,0.943935,99,99,0,0,0,0,0
4,49999,38,40000,49,30000,40,9999,0.100000,99,495,0.000000,2,0.000000,24.158515,3.015049,99,99,0,0,0,0,0
4,49999,39,40000,49,30000,40,9999,0.100000,99,495,0.000000,2,0.000000,22.127986,0.165367,99,99,0,0,0,0,0
4,49999,40,40000,49,30000,0,9999,0.100000,99,495,6.936601,1,1.000000,15.796606,1.943629,99,99,0,1,0,0,0
4,49999,41,40000,49,30000,40,9999,0.100000,99,495,0.000000,2,2.000000,23.876727,9.629415,99,99,0,0,0,0,0
4,49999,42,40000,49,30000,0,9999,0.100000,99,495,3.292189,2,0.000000,28.032875,0.800267,99,99,0,0,1,0,0
4,49999,43,40000,49,30000,40,9999,0.100000,99,495,0.000000,2,0.000000,27.940914,0.856630,99,99,0,0,0,0,0
4,49999,44,40000,49,30000,40,9999,0.100000,99,495,0.000000,1,3.000000,28.648239,7.954602,99,99,0,0,0,0,0
4,49999,45,40000,49,30000,40,9999,0.100000,99,495,0.000000,2,1.000000,19.657762,3.992659,99,99,0,0,0,0,0
4,49999,46,40000,49,30000,40,9999,0.100000,99,495,0.000000,1,0.000000,26.581432,3.493528,99,99,0,0,0,0,0
4,49999,47,40000,49,30000,40,9999,0.100000,99,495,0.000000,1,0.000000,34.055233,1.029396,99,99,0,0,0,0,0
4,49999,48,40000,49,30000,40,9999,0.100000,99,495,0.000000,2,1.000000,26.397888,4.494951,99,99,0,0,0,0,0
4,49999,49,40000,19,30000,40,9999,0.100000,99,495,0.000000,3,1.000000,28.968740,1.860256,99,99,0,0,0,0,0
4,49999,50,40000,49,30000,40,9999,0.100000,99,495,0.000000,2,1.000000,31.305750,11.292740,99,99,0,0,0,0,0
4,49999,51,40000,49,30000,40,9999,0.100000,99,495,0.000000,3,0.000000,23.314140,0.106394,99,99,0,0,0,0,0
4,49999,52,40000,49,30000,40,9999,0.100000,99,495,0.000000,3,0.000000,12.813705,1.393169,99,99,0,0,0,0,0
4,49999,53,40000,49,30000,40,9999,0.100000,99,495,0.000000,2,0.000000,20.115144,0.239424,99,99,0,0,0,0,0
4,49999,54,40000,49,30000,40,9999,0.100000,99,495,0.000000,1,0.000000,29.495296,1.086195,99,99,0,0,0,0,0
4,49999,55,40000,49,30000,40,9999,0.100000,99,495,0.000000,3,0.000000,26.394965,1.011785,99,99,0,0,0,0,0
4,49999,56,40000,49,30000,43,9999,0.100000,99,495,0.000000,1,10.000000,27.672603,31.534945,99,99,0,0,0,0,0
4,49999,57,40000,49,30000,40,9999,0.100000,99,495,0.000000,3,0.000000,36.228618,10.033155,99,99,0,0,0,0,0
4,49999,58,40000,49,30000,40,9999,0.100000,99,495,0.000000,1,1.000000,22.725940,3.552757,99,99,0,0,0,0,0
4,49999,59,40000,49,30000,40,9999,0.100000,99,495,0.000000,1,0.000000,30.705761,0.958609,99,99,0,0,0,0,0
4,49999,60,40000,49,30000,40,9999,0.100000,99,495,0.000000,2,2.000000,28.256542,11.118971,99,99,0,0,0,0,0
4,49999,61,40000,49,30000,40,9999,0.100000,99,495,0.000000,1,0.000000,21.506604,22.324920,99,99,0,0,0,0,0
4,49999,62,40000,49,30000,0,9999,0.100000,99,495,0.007287,1,0.000000,24.713253,0.123608,99,99,0,0,0,0,1
4,49999,63,40000,49,30000,40,9999,0.100000,99,495,0.000000,2,0.000000,18.507927,0.280406,99,99,0,0,0,0,0
4,49999,64,40000,49,30000,40,9999,0.100000,99,495,0.000000,1,0.000000,22.266380,0.133939,99,99,0,0,0,0,0
4,49999,65,40000,49,30000,40,9999,0.100000,99,495,0.000000,1,0.000000,28.934347,0.087637,99,99,0,0,0,0,0
4,49999,66,40000,49,30000,40,9999,0.100000,99,495,0.000000,3,0.000000,12.133274,0.686348,99,99,0,0,0,0,0
4,49999,67,40000,49,30000,0,9999,0.100000,99,495,2.002802,1,0.000000,34.341780,0.536095,99,99,0,0,0,0,1
4,49999,68,40000,49,30000,40,9999,0.100000,99,495,0.000000,2,0.000000,27.637990,3.376941,99,99,0,0,0,0,0
4,49999,69,40000,49,30000,40,9999,0.100000,99,495,0.000000,2,0.000000,21.171021,0.170118,99,99,0,0,0,0,0
4,49999,70,40000,49,30000,40,9999,0.100000,99,495,0.000000,2,0.000000,16.507586,0.277107,99,99,0,0,0,0,0
4,49999,71,40000,49,30000,41,9999,0.100000,99,495,0.000000,3,4.000000,28.117178,18.692143,99,99,0,0,0,0,0
4,49999,72,40000,49,30000,40,9999,0.100000,99,495,0.000000,2,0.000000,28.312757,1.636224,99,99,0,0,0,0,0
4,49999,73,40000,49,30000,0,9999,0.100000,99,495,0.021976,2,0.000000,15.162947,0.161568,99,99,0,1,0,0,0
4,49999,74,40000,49,30000,40,9999,0.100000,99,495,0.000000,1,2.000000,26.020714,7.500882,99,99,0,0,0,0,0
4,49999,75,40000,49,30000,0,9999,0.100000,99,495,0.332594,1,0.000000,18.541647,0.158046,99,99,0,0,0,1,0
4,49999,76,40000,49,30000,41,9999,0.100000,99,495,0.000000,4,4.000000,28.374722,17.649875,99,99,0,0,0,0,0
4,49999,77,40000,49,30000,40,9999,0.100000,99,495,0.000000,1,0.000000,29.289289,0.084122,99,99,0,0,0,0,0
4,49999,78,40000,49,30000,40,9999,0.100000,99,495,0.000000,1,0.000000,23.635645,0.095541,99,99,0,0,0,0,0
4,49999,79,40000,49,30000,40,9999,0.100000,99,495,0.000000,2,1.000000,31.882099,14.517294,99,99,0,0,0,0,0
4,49999,80,40000,49,30000,40,9999,0.100000,99,495,0.000000,3,1.000000,30.739125,1.108880,99,99,0,0,0,0,0
4,49999,81,40000,49,30000,40,9999,0.100000,99,495,0.000000,1,0.000000,24.728198,1.724891,99,99,0,0,0,0,0
4,49999,82,40000,49,30000,40,9999,0.100000,99,495,0.000000,1,0.000000,34.202174,0.556310,99,99,0,0,0,0,0
4,49999,83,40000,49,30000,0,9999,0.100000,99,495,0.014711,2,0.000000,16.347205,0.187035,99,99,0,0,1,0,0
4,49999,84,40000,49,30000,40,9999,0.100000,99,495,0.000000,4,0.000000,28.099746,2.068238,99,99,0,0,0,0,0
4,49999,85,40000,49,30000,40,9999,0.100000,99,495,0.000000,2,1.000000,27.612937,1.225972,99,99,0,0,0,0,0
4,49999,86,40000,49,30000,40,9999,0.100000,99,495,0.000000,2,1.000000,24.659945,9.236149,99,99,0,0,0,0,0
4,49999,87,40000,49,30000,40,9999,0.100000,99,495,0.000000,3,0.000000,19.068657,0.136755,99,99,0,0,0,0,0
4,49999,88,40000,49,30000,0,9999,0.100000,99,495,1.829203,1,0.000000,22.577529,0.479741,99,99,0,0,0,1,0
4,49999,89,40000,49,30000,40,9999,0.100000,99,495,0.000000,1,1.000000,22.585659,3.672117,99,99,0,0,0,0,0
4,49999,90,40000,49,30000,0,9999,0.100000,99,495,0.000694,1,0.000000,27.516810,0.064582,99,99,0,0,0,0,1
4,49999,91,40000,49,30000,40,9999,0.100000,99,495,0.000000,2,0.000000,27.994979,1.246327,99,99,0,0,0,0,0
4,49999,92,40000,49,30000,40,9999,0.100000,99,495,0.000000,2,1.000000,15.796119,1.871990,99,99,0,0,0,0,0
4,49999,93,40000,49,30000,40,9999,0.135000,99,495,0.000000,1,2.000000,28.098225,12.376041,99,99,0,0,0,0,0
4,49999,94,40000,49,30000,40,9999,0.100000,99,495,0.000000,1,0.000000,15.554710,1.778344,99,99,0,0,0,0,0
4,49999,95,40000,49,30000,40,9999,0.100000,99,495,0.000000,2,1.000000,32.772594,12.996340,99,99,0,0,0,0,0
4,49999,96,40000,49,30000,41,9999,0.100000,99,495,0.000000,1,4.000000,29.915091,14.662064,99,99,0,0,0,0,0
4,49999,97,40000,49,30000,40,9999,0.100000,99,495,0.000000,3,0.000000,16.341849,0.145925,99,99,0,0,0,0,0
4,49999,98,40000,49,30000,40,9999,0.100000,99,495,0.000000,1,2.000000,27.985079,13.291553,99,99,0,0,0,0,0
4,49999,99,40000,49,30000,40,9999,0.100000,99,495,0.000000,1,0.000000,31.928897,0.915748,99,99,0,0,0,0,0
5,59999,0,50000,11,40000,0,9999,0.100000,99,594,0.000470,1,0.000000,28.092403,0.107628,99,99,0,0,1,0,0
5,59999,1,50000,11,40000,40,9999,0.100000,99,594,0.000000,1,0.000000,28.178329,0.811187,99,99,0,0,0,0,0
5,59999,2,50000,11,40000,2,9999,0.100000,99,594,0.001096,4,9.000000,33.183922,18.233640,99,99,0,0,0,0,1
5,59999,3,50000,11,40000,0,9999,0.100000,99,594,0.075032,1,0.000000,19.966558,0.153077,99,99,0,1,0,0,0
5,59999,4,50000,11,40000,0,9999,0.100000,99,594,0.137188,1,0.000000,19.563602,0.230660,99,99,0,0,0,0,1
5,59999,5,50000,11,40000,40,9999,0.100000,99,594,0.000000,2,0.000000,24.154231,0.104795,99,99,0,0,0,0,0
5,59999,6,50000,11,40000,40,9999,0.100000,99,594,0.000000,2,0.000000,19.926498,0.327882,99,99,0,0,0,0,0
5,59999,7,50000,11,40000,40,9999,0.100000,99,594,0.000000,1,0.000000,31.207780,0.992900,99,99,0,0,0,0,0
5,59999,8,50000,11,40000,41,9999,0.100000,99,594,0.000000,3,5.000000,30.061014,19.990481,99,99,0,0,0,0,0
5,59999,9,50000,11,40000,0,9999,0.100000,99,594,0.000005,1,0.000000,23.198524,0.103787,99,99,0,0,0,1,0
5,59999,10,50000,11,40000,0,9999,0.100000,99,594,0.578994,1,0.000000,20.516682,0.215794,99,99,0,0,0,0,1
5,59999,11,50000,40,40000,0,9999,0.100000,99,594,9.787210,3,2.000000,30.801084,3.893144,99,99,0,0,1,0,0
5,59999,12,50000,11,40000,40,9999,0.100000,99,594,0.000000,3,0.000000,24.652504,9.342117,99,99,0,0,0,0,0
5,59999,13,50000,11,40000,40,9999,0.100000,99,594,0.000000,3,0.000000,19.217303,0.315430,99,99,0,0,0,0,0
5,59999,14,50000,11,40000,0,9999,0.100000,99,594,0.150363,2,0.000000,30.418644,0.163611,99,99,0,0,1,0,0
5,59999,15,50000,11,40000,0,9999,0.100000,99,594,0.691433,2,0.000000,19.263932,0.322596,99,99,0,0,1,0,0
5,59999,16,50000,11,40000,0,9999,0.100000,99,594,0.008439,1,0.000000,29.040664,0.127602,99,99,0,0,0,0,1
5,59999,17,50000,11,40000,0,9999,0.100000,99,594,0.070346,2,0.000000,21.922974,0.094730,99,99,0,0,0,0,1
5,59999,18,50000,11,40000,40,9999,0.100000,99,594,0.000000,2,0.000000,28.923038,0.247058,99,99,0,0,0,0,0
5,59999,19,50000,11,40000,0,9999,0.100000,99,594,0.185553,2,0.000000,30.032954,0.783550,99,99,0,0,0,1,0
5,59999,20,50000,11,40000,40,9999,0.100000,99,594,0.000000,2,0.000000,23.334937,1.210095,99,99,0,0,0,0,0
5,59999,21,50000,11,40000,0,9999,0.100000,99,594,0.000920,2,0.000000,23.986423,0.092259,99,99,0,0,0,1,0
5,59999,22,50000,11,40000,0,9999,0.100000,99,594,0.000962,3,0.000000,23.547477,0.106465,99,99,0,0,0,1,0
5,59999,23,50000,11,40000,40,9999,0.100000,99,594,0.000000,2,1.000000,30.406570,2.894574,99,99,0,0,0,0,0
5,59999,24,50000,11,40000,40,9999,0.100000,99,594,0.000000,3,0.000000,22.792724,0.114788,99,99,0,0,0,0,0
5,59999,25,50000,11,40000,40,9999,0.100000,99,594,0.000000,3,0.000000,30.470809,1.059801,99,99,0,0,0,0,0
5,59999,26,50000,11,40000,40,9999,0.100000,99,594,0.000000,1,0.000000,34.183792,2.046361,99,99,0,0,0,0,0
5,59999,27,50000,11,40000,0,9999,0.100000,99,594,0.653732,2,0.000000,29.092136,0.666815,99,99,0,0,0,1,0
5,59999,28,50000,11,40000,0,9999,0.100000,99,594,0.202933,2,0.000000,26.079289,0.196055,99,99,0,0,0,1,0
5,59999,29,50000,11,40000,0,9999,0.100000,99,594,0.004821,2,0.000000,20.446617,0.065515,99,99,0,0,0,0,1
5,59999,30,50000,11,40000,0,9999,0.100000,99,594,0.007272,1,0.000000,23.272135,0.161981,99,99,0,1,0,0,0
5,59999,31,50000,11,40000,40,9999,0.100000,99,594,0.000000,2,0.000000,26.216280,0.186842,99,99,0,0,0,0,0
5,59999,32,50000,11,40000,40,9999,0.100000,99,594,0.000000,2,2.000000,30.559903,3.930540,99,99,0,0,0,0,0
5,59999,33,50000,11,40000,40,9999,0.100000,99,594,0.000000,1,1.000000,20.106702,3.824945,99,99,0,0,0,0,0
5,59999,34,50000,11,40000,40,9999,0.100000,99,594,0.000000,1,0.000000,23.296093,0.984966,99,99,0,0,0,0,0
5,59999,35,50000,11,40000,40,9999,0.100000,99,594,0.000000,1,0.000000,31.734457,0.917183,99,99,0,0,0,0,0
5,59999,36,50000,11,40000,40,9999,0.100000,99,594,0.000000,1,0.000000,30.533619,1.042362,99,99,0,0,0,0,0
5,59999,37,50000,11,40000,40,9999,0.100000,99,594,0.000000,3,0.000000,30.691609,0.161854,99,99,0,0,0,0,0
5,59999,38,50000,11,40000,40,9999,0.100000,99,594,0.000000,2,1.000000,24.801215,4.461885,99,99,0,0,0,0,0
5,59999,39,50000,11,40000,40,9999,0.100000,99,594,0.000000,2,0.000000,22.084774,0.132277,99,99,0,0,0,0,0
5,59999,40,50000,11,40000,0,9999,0.100000,99,594,5.673731,1,1.000000,17.641259,1.575563,99,99,0,1,0,0,0
5,59999,41,50000,11,40000,41,9999,0.100000,99,594,0.000000,2,5.000000,25.431990,27.708539,99,99,0,0,0,0,0
5,59999,42,50000,11,40000,0,9999,0.100000,99,594,1.587572,2,0.000000,27.511815,0.784825,99,99,0,0,1,0,0
5,59999,43,50000,11,40000,40,9999,0.100000,99,594,0.000000,2,0.000000,27.903159,3.147302,99,99,0,0,0,0,0
5,59999,44,50000,11,40000,40,9999,0.100000,99,594,0.000000,2,1.000000,28.012583,3.522700,99,99,0,0,0,0,0
5,59999,45,50000,11,40000,40,9999,0.100000,99,594,0.000000,2,0.000000,19.718899,3.535694,99,99,0,0,0,0,0
5,59999,46,50000,11,40000,40,9999,0.100000,99,594,0.000000,1,0.000000,25.920791,0.116962,99,99,0,0,0,0,0
5,59999,47,50000,11,40000,40,9999,0.100000,99,594,0.000000,1,0.000000,34.300074,0.985684,99,99,0,0,0,0,0
5,59999,48,50000,11,40000,40,9999,0.100000,99,594,0.000000,2,1.000000,26.466183,3.183698,99,99,0,0,0,0,0
5,59999,49,50000,11,40000,40,9999,0.100000,99,594,0.000000,3,2.000000,30.336920,7.843154,99,99,0,0,0,0,0
5,59999,50,50000,11,40000,40,9999,0.100000,99,594,0.000000,2,2.000000,30.985847,14.583010,99,99,0,0,0,0,0
5,59999,51,50000,11,40000,40,9999,0.100000,99,594,0.000000,3,0.000000,23.312831,0.105720,99,99,0,0,0,0,0
5,59999,52,50000,11,40000,40,9999,0.100000,99,594,0.000000,3,0.000000,13.040057,1.475753,99,99,0,0,0,0,0
5,59999,53,50000,11,40000,40,9999,0.100000,99,594,0.000000,2,0.000000,20.236559,0.371974,99,99,0,0,0,0,0
5,59999,54,50000,11,40000,40,9999,0.100000,99,594,0.000000,1,0.000000,29.257817,0.852012,99,99,0,0,0,0,0
5,59999,55,50000,11,40000,40,9999,0.100000,99,594,0.000000,3,1.000000,25.629112,3.418693,99,99,0,0,0,0,0
5,59999,56,50000,11,40000,40,9999,0.100000,99,594,0.000000,2,3.000000,29.256083,13.287819,99,99,0,0,0,0,0
5,59999,57,50000,11,40000,40,9999,0.100000,99,594,0.000000,3,1.000000,36.476576,12.786667,99,99,0,0,0,0,0
5,59999,58,50000,11,40000,40,9999,0.100000,99,594,0.000000,1,1.000000,24.650523,6.461719,99,99,0,0,0,0,0
5,59999,59,50000,11,40000,40,9999,0.100000,99,594,0.000000,1,0.000000,29.830628,0.313402,99,99,0,0,0,0,0
5,59999,60,50000,11,40000,40,9999,0.100000,99,594,0.000000,2,2.000000,29.863735,6.302505,99,99,0,0,0,0,0
5,59999,61,50000,11,40000,40,9999,0.100000,99,594,0.000000,1,0.000000,21.406027,21.982914,99,99,0,0,0,0,0
5,59999,62,50000,11,40000,0,9999,0.100000,99,594,0.001898,1,0.000000,24.712423,0.098349,99,99,0,0,0,0,1
5,59999,63,50000,11,40000,40,9999,0.100000,99,594,0.000000,2,0.000000,18.573338,0.275210,99,99,0,0,0,0,0
5,59999,64,50000,11,40000,40,9999,0.100000,99,594,0.000000,1,0.000000,22.230097,0.105996,99,99,0,0,0,0,0
5,59999,65,50000,11,40000,40,9999,0.100000,99,594,0.000000,1,0.000000,28.931742,0.088410,99,99,0,0,0,0,0
5,59999,66,50000,11,40000,40,9999,0.100000,99,594,0.000000,4,0.000000,12.188216,0.748909,99,99,0,0,0,0,0
5,59999,67,50000,11,40000,0,9999,0.100000,99,594,1.960021,1,0.000000,34.585520,0.526515,99,99,0,0,0,0,1
5,59999,68,50000,11,40000,40,9999,0.100000,99,594,0.000000,2,0.000000,27.541788,1.470327,99,99,0,0,0,0,0
5,59999,69,50000,11,40000,40,9999,0.100000,99,594,0.000000,2,0.000000,21.176559,0.074123,99,99,0,0,0,0,0
5,59999,70,50000,11,40000,40,9999,0.100000,99,594,0.000000,2,0.000000,16.432591,0.196919,99,99,0,0,0,0,0
5,59999,71,50000,11,40000,41,9999,0.100000,99,594,0.000000,4,5.000000,30.173480,19.935606,99,99,0,0,0,0,0
5,59999,72,50000,11,40000,40,9999,0.100000,99,594,0.000000,2,0.000000,28.239209,2.033998,99,99,0,0,0,0,0
5,59999,73,50000,11,40000,0,9999,0.100000,99,594,0.006979,2,0.000000,15.152176,0.166752,99,99,0,1,0,0,0
5,59999,74,50000,11,40000,40,9999,0.100000,99,594,0.000000,1,1.000000,27.786964,5.765568,99,99,0,0,0,0,0
5,59999,75,50000,11,40000,0,9999,0.100000,99,594,0.446913,1,0.000000,18.607063,0.170540,99,99,0,0,0,1,0
5,59999,76,50000,11,40000,41,9999,0.100000,99,594,0.000000,4,4.000000,28.992516,12.793662,99,99,0,0,0,0,0
5,59999,77,50000,11,40000,40,9999,0.100000,99,594,0.000000,1,0.000000,29.286731,0.109287,99,99,0,0,0,0,0
5,59999,78,50000,11,40000,40,9999,0.100000,99,594,0.000000,1,0.000000,23.636602,1.319104,99,99,0,0,0,0,0
5,59999,79,50000,11,40000,40,9999,0.100000,99,594,0.000000,2,1.000000,32.711580,15.544626,99,99,0,0,0,0,0
5,59999,80,50000,11,40000,40,9999,0.100000,99,594,0.000000,3,0.000000,29.739871,0.348147,99,99,0,0,0,0,0
5,59999,81,50000,11,40000,40,9999,0.100000,99,594,0.000000,1,1.000000,24.928379,4.316619,99,99,0,0,0,0,0
5,59999,82,50000,11,40000,40,9999,0.100000,99,594,0.000000,1,0.000000,34.447182,0.552005,99,99,0,0,0,0,0
5,59999,83,50000,11,40000,0,9999,0.100000,99,594,0.049645,2,0.000000,16.273953,0.169554,99,99,0,0,1,0,0
5,59999,84,50000,11,40000,41,9999,0.100000,99,594,0.000000,4,4.000000,28.083218,6.031330,99,99,0,0,0,0,0
5,59999,85,50000,11,40000,40,9999,0.065000,99,594,0.000000,2,0.000000,26.978630,0.594976,99,99,0,0,0,0,0
5,59999,86,50000,11,40000,41,9999,0.100000,99,594,0.000000,2,4.000000,25.801346,14.659680,99,99,0,0,0,0,0
5,59999,87,50000,11,40000,40,9999,0.100000,99,594,0.000000,3,0.000000,19.157876,0.191381,99,99,0,0,0,0,0
5,59999,88,50000,11,40000,0,9999,0.100000,99,594,1.930927,1,0.000000,22.914999,0.756760,99,99,0,0,0,1,0
5,59999,89,50000,11,40000,40,9999,0.100000,99,594,0.000000,1,0.000000,24.410331,0.009797,99,99,0,0,0,0,0
5,59999,90,50000,11,40000,0,9999,0.100000,99,594,0.000377,1,0.000000,27.516604,0.063727,99,99,0,0,0,0,1
5,59999,91,50000,11,40000,40,9999,0.100000,99,594,0.000000,2,0.000000,28.021129,1.960522,99,99,0,0,0,0,0
5,59999,92,50000,11,40000,40,9999,0.100000,99,594,0.000000,2,1.000000,17.595185,1.448612,99,99,0,0,0,0,0
5,59999,93,50000,11,40000,40,9999,0.100000,99,594,0.000000,1,1.000000,30.324195,20.106964,99,99,0,0,0,0,0
5,59999,94,50000,11,40000,43,9999,0.100000,99,594,0.000000,1,6.000000,15.230578,6.780282,99,99,0,0,0,0,0
5,59999,95,50000,11,40000,40,9999,0.100000,99,594,0.000000,2,0.000000,33.488361,9.675048,99,99,0,0,0,0,0
5,59999,96,50000,11,40000,40,9999,0.100000,99,594,0.000000,2,2.000000,28.373411,9.653930,99,99,0,0,0,0,0
5,59999,97,50000,11,40000,40,9999,0.100000,99,594,0.000000,3,0.000000,16.280826,0.152815,99,99,0,0,0,0,0
5,59999,98,50000,11,40000,40,9999,0.100000,99,594,0.000000,1,0.000000,30.253986,19.866780,99,99,0,0,0,0,0
5,59999,99,50000,11,40000,40,9999,0.100000,99,594,0.000000,1,1.000000,32.223378,11.252483,99,99,0,0,0,0,0
6,69999,0,60000,11,50000,0,9999,0.100000,99,693,0.062101,1,0.000000,28.093167,0.159880,99,99,0,0,1,0,0
6,69999,1,60000,11,50000,40,9999,0.100000,99,693,0.000000,1,1.000000,28.182637,7.454057,99,99,0,0,0,0,0
6,69999,2,60000,11,50000,0,9999,0.100000,99,693,0.008630,4,0.000000,33.182806,0.118972,99,99,0,0,0,0,1
6,69999,3,60000,11,50000,0,9999,0.100000,99,693,0.064938,1,0.000000,19.927463,0.151388,99,99,0,1,0,0,0
6,69999,4,60000,11,50000,0,9999,0.100000,99,693,0.270751,1,0.000000,19.559764,0.387700,99,99,0,0,0,0,1
6,69999,5,60000,11,50000,0,9999,0.100000,99,693,0.001355,2,0.000000,24.155530,0.104337,99,99,0,0,0,1,0
6,69999,6,60000,11,50000,40,9999,0.100000,99,693,0.000000,2,0.000000,20.032660,0.301566,99,99,0,0,0,0,0
6,69999,7,60000,11,50000,40,9999,0.100000,99,693,0.000000,1,0.000000,31.489633,0.948014,99,99,0,0,0,0,0
6,69999,8,60000,11,50000,41,9999,0.100000,99,693,0.000000,3,4.000000,28.349217,14.838079,99,99,0,0,0,0,0
6,69999,9,60000,11,50000,0,9999,0.100000,99,693,0.001054,1,0.000000,23.199582,0.105919,99,99,0,0,0,1,0
6,69999,10,60000,11,50000,0,9999,0.100000,99,693,0.357011,1,0.000000,20.677348,0.155001,99,99,0,0,0,0,1
6,69999,11,60000,40,50000,40,9999,0.100000,99,693,0.000000,3,3.000000,32.419382,15.635199,99,99,0,0,0,0,0
6,69999,12,60000,11,50000,40,9999,0.100000,99,693,0.000000,3,1.000000,25.124953,11.233675,99,99,0,0,0,0,0
6,69999,13,60000,11,50000,40,9999,0.100000,99,693,0.000000,3,0.000000,19.350135,0.232173,99,99,0,0,0,0,0
6,69999,14,60000,11,50000,40,9999,0.100000,99,693,0.000000,2,2.000000,30.423658,2.749135,99,99,0,0,0,0,0
6,69999,15,60000,11,50000,0,9999,0.065000,99,693,0.511959,2,0.000000,19.401684,0.169632,99,99,0,0,1,0,0
6,69999,16,60000,11,50000,0,9999,0.100000,99,693,0.000394,1,0.000000,29.040953,0.108201,99,99,0,0,0,0,1
6,69999,17,60000,11,50000,0,9999,0.100000,99,693,0.029688,2,0.000000,21.884677,0.078684,99,99,0,0,0,0,1
6,69999,18,60000,11,50000,0,9999,0.100000,99,693,2.852383,2,0.000000,28.757449,0.636363,99,99,0,0,0,1,0
6,69999,19,60000,11,50000,0,9999,0.100000,99,693,0.115468,2,0.000000,29.908580,0.520825,99,99,0,0,0,1,0
6,69999,20,60000,11,50000,40,9999,0.100000,99,693,0.000000,2,0.000000,23.722517,0.968695,99,99,0,0,0,0,0
6,69999,21,60000,11,50000,40,9999,0.100000,99,693,0.000000,2,0.000000,23.987681,0.094312,99,99,0,0,0,0,0
6,69999,22,60000,11,50000,0,9999,0.100000,99,693,0.001712,3,0.000000,23.545898,0.106090,99,99,0,0,0,1,0
6,69999,23,60000,11,50000,40,9999,0.100000,99,693,0.000000,2,0.000000,30.925179,2.286565,99,99,0,0,0,0,0
6,69999,24,60000,11,50000,40,9999,0.100000,99,693,0.000000,3,0.000000,22.790981,0.114364,99,99,0,0,0,0,0
6,69999,25,60000,11,50000,40,9999,0.100000,99,693,0.000000,3,0.000000,30.690546,1.003524,99,99,0,0,0,0,0
6,69999,26,60000,11,50000,40,9999,0.100000,99,693,0.000000,1,0.000000,34.430821,0.800945,99,99,0,0,0,0,0
6,69999,27,60000,11,50000,40,9999,0.100000,99,693,0.000000,2,0.000000,28.907056,0.930962,99,99,0,0,0,0,0
6,69999,28,60000,11,50000,0,9999,0.100000,99,693,0.217016,2,0.000000,26.012339,0.199450,99,99,0,0,0,1,0
6,69999,29,60000,11,50000,0,9999,0.100000,99,693,0.004876,2,0.000000,20.443937,0.065877,99,99,0,0,0,0,1
6,69999,30,60000,11,50000,0,9999,0.100000,99,693,0.037111,1,0.000000,23.243358,0.162101,99,99,0,1,0,0,0
6,69999,31,60000,11,50000,40,9999,0.100000,99,693,0.000000,2,0.000000,26.155474,0.184406,99,99,0,0,0,0,0
6,69999,32,60000,11,50000,40,9999,0.100000,99,693,0.000000,3,1.000000,32.200324,16.688725,99,99,0,0,0,0,0
6,69999,33,60000,11,50000,40,9999,0.100000,99,693,0.000000,1,0.000000,20.109318,2.051167,99,99,0,0,0,0,0
6,69999,34,60000,11,50000,40,9999,0.100000,99,693,0.000000,1,0.000000,23.659225,0.824284,99,99,0,0,0,0,0
6,69999,35,60000,11,50000,40,9999,0.100000,99,693,0.000000,1,0.000000,32.019519,0.721267,99,99,0,0,0,0,0
6,69999,36,60000,11,50000,40,9999,0.100000,99,693,0.000000,1,0.000000,30.760082,0.983232,99,99,0,0,0,0,0
6,69999,37,60000,11,50000,0,9999,0.100000,99,693,3.515319,3,2.000000,30.689107,3.542084,99,99,0,0,1,0,0
6,69999,38,60000,11,50000,40,9999,0.100000,99,693,0.000000,2,2.000000,26.249116,8.164663,99,99,0,0,0,0,0
6,69999,39,60000,11,50000,40,9999,0.100000,99,693,0.000000,2,0.000000,22.057846,0.110536,99,99,0,0,0,0,0
6,69999,40,60000,11,50000,0,9999,0.100000,99,693,0.506912,1,0.000000,19.025587,0.613893,99,99,0,1,0,0,0
6,69999,41,60000,11,50000,40,9999,0.100000,99,693,0.000000,2,1.000000,25.072532,10.665338,99,99,0,0,0,0,0
6,69999,42,60000,11,50000,40,9999,0.100000,99,693,0.000000,2,2.000000,27.126494,4.541983,99,99,0,0,0,0,0
6,69999,43,60000,11,50000,0,9999,0.100000,99,693,11.793699,2,1.000000,27.443225,12.808447,99,99,0,1,0,0,0
6,69999,44,60000,11,50000,0,9999,0.100000,99,693,9.463031,2,2.000000,26.993828,8.166746,99,99,0,1,0,0,0
6,69999,45,60000,11,50000,40,9999,0.100000,99,693,0.000000,2,0.000000,19.805173,3.652891,99,99,0,0,0,0,0
6,69999,46,60000,11,50000,40,9999,0.100000,99,693,0.000000,1,0.000000,25.856693,0.125506,99,99,0,0,0,0,0
6,69999,47,60000,11,50000,40,9999,0.100000,99,693,0.000000,1,0.000000,34.545012,0.786693,99,99,0,0,0,0,0
6,69999,48,60000,11,50000,40,9999,0.100000,99,693,0.000000,2,0.000000,26.411229,0.098271,99,99,0,0,0,0,0
6,69999,49,60000,11,50000,40,9999,0.100000,99,693,0.000000,3,3.000000,32.133844,16.024098,99,99,0,0,0,0,0
6,69999,50,60000,11,50000,40,9999,0.100000,99,693,0.000000,2,2.000000,31.818332,8.222585,99,99,0,0,0,0,0
6,69999,51,60000,11,50000,40,9999,0.100000,99,693,0.000000,3,0.000000,23.311181,0.104292,99,99,0,0,0,0,0
6,69999,52,60000,11,50000,40,9999,0.100000,99,693,0.000000,3,0.000000,13.305516,4.645340,99,99,0,0,0,0,0
6,69999,53,60000,11,50000,40,9999,0.100000,99,693,0.000000,2,0.000000,20.376810,0.254153,99,99,0,0,0,0,0
6,69999,54,60000,11,50000,40,9999,0.100000,99,693,0.000000,1,0.000000,29.073966,1.073618,99,99,0,0,0,0,0
6,69999,55,60000,11,50000,40,9999,0.100000,99,693,0.000000,3,2.000000,26.512825,8.554936,99,99,0,0,0,0,0
6,69999,56,60000,11,50000,42,9999,0.100000,99,693,0.000000,3,7.000000,28.246107,25.594699,99,99,0,0,0,0,0
6,69999,57,60000,11,50000,40,9999,0.100000,99,693,0.000000,3,0.000000,35.570089,6.110839,99,99,0,0,0,0,0
6,69999,58,60000,11,50000,41,9999,0.100000,99,693,0.000000,1,3.000000,25.645301,8.718015,99,99,0,0,0,0,0
6,69999,59,60000,11,50000,40,9999,0.100000,99,693,0.000000,1,0.000000,29.663028,0.279773,99,99,0,0,0,0,0
6,69999,60,60000,11,50000,41,9999,0.100000,99,693,0.000000,3,4.000000,32.013506,15.755178,99,99,0,0,0,0,0
6,69999,61,60000,11,50000,40,9999,0.100000,99,693,0.000000,1,0.000000,21.432579,22.477030,99,99,0,0,0,0,0
6,69999,62,60000,11,50000,0,9999,0.100000,99,693,0.001174,1,0.000000,24.712100,0.096136,99,99,0,0,0,0,1
6,69999,63,60000,11,50000,40,9999,0.100000,99,693,0.000000,2,0.000000,18.660822,0.277727,99,99,0,0,0,0,0
6,69999,64,60000,11,50000,40,9999,0.100000,99,693,0.000000,1,0.000000,22.210876,0.202457,99,99,0,0,0,0,0
6,69999,65,60000,11,50000,40,9999,0.100000,99,693,0.000000,1,0.000000,28.931948,0.086961,99,99,0,0,0,0,0
6,69999,66,60000,11,50000,45,9999,0.100000,99,693,0.000000,4,7.000000,12.263512,16.338426,99,99,0,0,0,0,0
6,69999,67,60000,11,50000,0,9999,0.100000,99,693,0.310331,1,0.000000,34.824985,1.221574,99,99,0,0,0,0,1
6,69999,68,60000,11,50000,0,9999,0.100000,99,693,2.115404,2,2.000000,27.091051,3.468048,99,99,0,0,1,0,0
6,69999,69,60000,11,50000,40,9999,0.100000,99,693,0.000000,2,0.000000,21.175253,0.073680,99,99,0,0,0,0,0
6,69999,70,60000,11,50000,40,9999,0.100000,99,693,0.000000,2,0.000000,16.344379,0.184380,99,99,0,0,0,0,0
6,69999,71,60000,11,50000,41,9999,0.100000,99,693,0.000000,4,4.000000,28.461028,14.804191,99,99,0,0,0,0,0
6,69999,72,60000,11,50000,40,9999,0.100000,99,693,0.000000,2,2.000000,28.262131,6.990851,99,99,0,0,0,0,0
6,69999,73,60000,11,50000,2,9999,0.100000,99,693,0.017342,2,4.000000,15.146861,10.121303,99,99,0,1,0,0,0
6,69999,74,60000,11,50000,40,9999,0.100000,99,693,0.000000,1,0.000000,28.397138,2.648013,99,99,0,0,0,0,0
6,69999,75,60000,11,50000,0,9999,0.100000,99,693,0.532191,1,0.000000,18.679382,0.199376,99,99,0,0,0,1,0
6,69999,76,60000,11,50000,40,9999,0.100000,99,693,0.000000,4,1.000000,28.058729,10.364739,99,99,0,0,0,0,0
6,69999,77,60000,11,50000,40,9999,0.100000,99,693,0.000000,1,0.000000,29.286732,0.076456,99,99,0,0,0,0,0
6,69999,78,60000,11,50000,40,9999,0.100000,99,693,0.000000,1,0.000000,23.637530,1.322395,99,99,0,0,0,0,0
6,69999,79,60000,11,50000,40,9999,0.100000,99,693,0.000000,2,0.000000,32.079185,13.072387,99,99,0,0,0,0,0
6,69999,80,60000,11,50000,40,9999,0.100000,99,693,0.000000,3,0.000000,29.551291,0.285691,99,99,0,0,0,0,0
6,69999,81,60000,11,50000,40,9999,0.100000,99,693,0.000000,1,2.000000,26.386714,8.589128,99,99,0,0,0,0,0
6,69999,82,60000,11,50000,40,9999,0.100000,99,693,0.000000,1,0.000000,34.688264,0.919657,99,99,0,0,0,0,0
6,69999,83,60000,11,50000,0,9999,0.100000,99,693,0.072303,2,0.000000,16.186617,0.166895,99,99,0,0,1,0,0
6,69999,84,60000,11,50000,41,9999,0.100000,99,693,0.000000,4,4.000000,26.437430,11.488998,99,99,0,0,0,0,0
6,69999,85,60000,11,50000,41,9999,0.100000,99,693,0.000000,2,3.000000,26.703214,3.600336,99,99,0,0,0,0,0
6,69999,86,60000,11,50000,40,9999,0.100000,99,693,0.000000,2,2.000000,24.709708,9.861789,99,99,0,0,0,0,0
6,69999,87,60000,11,50000,40,9999,0.100000,99,693,0.000000,3,0.000000,19.275005,0.154693,99,99,0,0,0,0,0
6,69999,88,60000,11,50000,0,9999,0.100000,99,693,0.142399,1,0.000000,23.288626,0.615816,99,99,0,0,0,1,0
6,69999,89,60000,11,50000,40,9999,0.100000,99,693,0.000000,1,0.000000,24.410383,0.009829,99,99,0,0,0,0,0
6,69999,90,60000,11,50000,0,9999,0.100000,99,693,0.000470,1,0.000000,27.516581,0.063628,99,99,0,0,0,0,1
6,69999,91,60000,11,50000,40,9999,0.100000,99,693,0.000000,2,2.000000,27.619270,9.048347,99,99,0,0,0,0,0
6,69999,92,60000,11,50000,40,9999,0.100000,99,693,0.000000,2,0.000000,18.830727,0.574532,99,99,0,0,0,0,0
6,69999,93,60000,11,50000,40,9999,0.100000,99,693,0.000000,1,2.000000,31.366751,5.758621,99,99,0,0,0,0,0
6,69999,94,60000,11,50000,40,9999,0.100000,99,693,0.000000,2,0.000000,14.768524,0.234600,99,99,0,0,0,0,0
6,69999,95,60000,11,50000,40,9999,0.100000,99,693,0.000000,2,1.000000,33.023054,10.893188,99,99,0,0,0,0,0
6,69999,96,60000,11,50000,41,9999,0.100000,99,693,0.000000,2,5.000000,27.552238,11.594053,99,99,0,0,0,0,0
6,69999,97,60000,11,50000,40,9999,0.100000,99,693,0.000000,3,0.000000,16.198505,0.155882,99,99,0,0,0,0,0
6,69999,98,60000,11,50000,40,9999,0.100000,99,693,0.000000,1,0.000000,30.020223,18.496044,99,99,0,0,0,0,0
6,69999,99,60000,11,50000,40,9999,0.100000,99,693,0.000000,1,1.000000,32.773798,7.588551,99,99,0,0,0,0,0
7,79999,0,70000,43,60000,0,9999,0.100000,99,792,0.021695,1,0.000000,28.090619,0.160248,99,99,0,0,1,0,0
7,79999,1,70000,43,60000,41,9999,0.100000,99,792,0.000000,1,3.000000,28.005421,7.929148,99,99,0,0,0,0,0
7,79999,2,70000,43,60000,0,9999,0.100000,99,792,0.740848,4,0.000000,33.185753,0.474484,99,99,0,0,0,0,1
7,79999,3,70000,43,60000,0,9999,0.100000,99,792,0.056942,1,0.000000,19.882878,0.152045,99,99,0,1,0,0,0
7,79999,4,70000,43,60000,40,9999,0.100000,99,792,0.000000,1,0.000000,19.618880,0.389675,99,99,0,0,0,0,0
7,79999,5,70000,43,60000,0,9999,0.100000,99,792,0.001020,2,0.000000,24.156836,0.105243,99,99,0,0,0,1,0
7,79999,6,70000,43,60000,40,9999,0.100000,99,792,0.000000,2,0.000000,20.101508,0.322662,99,99,0,0,0,0,0
7,79999,7,70000,43,60000,40,9999,0.100000,99,792,0.000000,1,0.000000,31.778050,0.896534,99,99,0,0,0,0,0
7,79999,8,70000,43,60000,41,9999,0.100000,99,792,0.000000,3,4.000000,28.311132,15.390130,99,99,0,0,0,0,0
7,79999,9,70000,43,60000,0,9999,0.100000,99,792,0.000394,1,0.000000,23.200626,0.105827,99,99,0,0,0,1,0
7,79999,10,70000,43,60000,0,9999,0.100000,99,792,0.409562,1,0.000000,20.771530,0.161845,99,99,0,0,0,0,1
7,79999,11,70000,43,60000,41,9999,0.100000,99,792,0.000000,4,4.000000,31.278245,14.894347,99,99,0,0,0,0,0
7,79999,12,70000,43,60000,40,9999,0.100000,99,792,0.000000,3,1.000000,24.677331,11.446823,99,99,0,0,0,0,0
7,79999,13,70000,43,60000,40,9999,0.100000,99,792,0.000000,3,0.000000,19.443217,0.252642,99,99,0,0,0,0,0
7,79999,14,70000,43,60000,0,9999,0.100000,99,792,9.463198,2,1.000000,31.108731,2.274698,99,99,0,0,1,0,0
7,79999,15,70000,43,60000,0,9999,0.100000,99,792,0.509312,2,0.000000,19.489764,0.230058,99,99,0,0,1,0,0
7,79999,16,70000,43,60000,0,9999,0.100000,99,792,0.000001,1,0.000000,29.039428,0.106129,99,99,0,0,0,0,1
7,79999,17,70000,43,60000,0,9999,0.100000,99,792,0.186320,2,0.000000,21.880223,0.501852,99,99,0,0,0,0,1
7,79999,18,70000,43,60000,0,9999,0.100000,99,792,2.724317,2,0.000000,28.231923,0.943961,99,99,0,0,0,1,0
7,79999,19,70000,43,60000,0,9999,0.100000,99,792,0.273834,2,0.000000,29.826807,0.435154,99,99,0,0,0,1,0
7,79999,20,70000,43,60000,40,9999,0.100000,99,792,0.000000,2,1.000000,23.631087,3.007768,99,99,0,0,0,0,0
7,79999,21,70000,43,60000,40,9999,0.100000,99,792,0.000000,2,0.000000,23.988893,0.094105,99,99,0,0,0,0,0
7,79999,22,70000,43,60000,0,9999,0.100000,99,792,0.289743,3,0.000000,23.544593,0.173961,99,99,0,0,0,1,0
7,79999,23,70000,43,60000,40,9999,0.100000,99,792,0.000000,2,0.000000,30.913173,2.321689,99,99,0,0,0,0,0
7,79999,24,70000,43,60000,40,9999,0.100000,99,792,0.000000,3,0.000000,22.789463,0.181894,99,99,0,0,0,0,0
7,79999,25,70000,43,60000,40,9999,0.100000,99,792,0.000000,3,0.000000,30.925476,0.984862,99,99,0,0,0,0,0
7,79999,26,70000,43,60000,40,9999,0.100000,99,792,0.000000,1,0.000000,34.825260,0.621832,99,99,0,0,0,0,0
7,79999,27,70000,43,60000,40,9999,0.100000,99,792,0.000000,2,0.000000,28.404892,2.332586,99,99,0,0,0,0,0
7,79999,28,70000,43,60000,0,9999,0.100000,99,792,0.776760,2,0.000000,25.945832,0.354828,99,99,0,0,0,1,0
7,79999,29,70000,43,60000,0,9999,0.100000,99,792,0.005024,2,0.000000,20.441168,0.065563,99,99,0,0,0,0,1
7,79999,30,70000,43,60000,0,9999,0.100000,99,792,0.060562,1,0.000000,23.211991,0.156390,99,99,0,1,0,0,0
7,79999,31,70000,43,60000,40,9999,0.100000,99,792,0.000000,2,0.000000,26.093159,0.379657,99,99,0,0,0,0,0
7,79999,32,70000,43,60000,41,9999,0.100000,99,792,0.000000,3,4.000000,32.100815,16.266851,99,99,0,0,0,0,0
7,79999,33,70000,43,60000,40,9999,0.100000,99,792,0.000000,1,0.000000,19.511529,0.514931,99,99,0,0,0,0,0
7,79999,34,70000,43,60000,40,9999,0.100000,99,792,0.000000,1,1.000000,23.574475,5.516726,99,99,0,0,0,0,0
7,79999,35,70000,43,60000,40,9999,0.100000,99,792,0.000000,1,0.000000,32.161314,0.502404,99,99,0,0,0,0,0
7,79999,36,70000,43,60000,40,9999,0.100000,99,792,0.000000,1,0.000000,30.999606,1.006657,99,99,0,0,0,0,0
7,79999,37,70000,43,60000,42,9999,0.100000,99,792,0.000000,3,7.000000,31.324221,14.826309,99,99,0,0,0,0,0
7,79999,38,70000,43,60000,40,9999,0.100000,99,792,0.000000,2,0.000000,28.276186,5.132223,99,99,0,0,0,0,0
7,79999,39,70000,43,60000,40,9999,0.100000,99,792,0.000000,2,0.000000,22.057993,0.151054,99,99,0,0,0,0,0
7,79999,40,70000,43,60000,0,9999,0.100000,99,792,1.164593,1,0.000000,19.209412,0.669902,99,99,0,1,0,0,0
7,79999,41,70000,43,60000,40,9999,0.100000,99,792,0.000000,2,2.000000,25.538927,12.140613,99,99,0,0,0,0,0
7,79999,42,70000,43,60000,40,9999,0.100000,99,792,0.000000,3,0.000000,29.169686,1.345545,99,99,0,0,0,0,0
7,79999,43,70000,44,60000,41,9999,0.100000,99,792,0.000000,2,3.000000,28.039209,7.326694,99,99,0,0,0,0,0
7,79999,44,70000,43,60000,41,9999,0.100000,99,792,0.000000,3,3.000000,28.393442,6.630574,99,99,0,0,0,0,0
7,79999,45,70000,43,60000,40,9999,0.100000,99,792,0.000000,2,0.000000,19.923358,4.659273,99,99,0,0,0,0,0
7,79999,46,70000,43,60000,40,9999,0.100000,99,792,0.000000,1,0.000000,25.790854,0.269454,99,99,0,0,0,0,0
7,79999,47,70000,43,60000,40,9999,0.100000,99,792,0.000000,1,0.000000,34.985959,0.599772,99,99,0,0,0,0,0
7,79999,48,70000,43,60000,40,9999,0.100000,99,792,0.000000,2,0.000000,26.354471,0.745948,99,99,0,0,0,0,0
7,79999,49,70000,43,60000,40,9999,0.100000,99,792,0.000000,3,0.000000,32.685442,12.968721,99,99,0,0,0,0,0
7,79999,50,70000,43,60000,40,9999,0.100000,99,792,0.000000,2,1.000000,31.531396,2.370673,99,99,0,0,0,0,0
7,79999,51,70000,43,60000,40,9999,0.100000,99,792,0.000000,3,0.000000,23.309911,0.353787,99,99,0,0,0,0,0
7,79999,52,70000,43,60000,40,9999,0.100000,99,792,0.000000,3,0.000000,13.685389,1.397425,99,99,0,0,0,0,0
7,79999,53,70000,43,60000,40,9999,0.100000,99,792,0.000000,2,0.000000,20.463217,0.319824,99,99,0,0,0,0,0
7,79999,54,70000,43,60000,40,9999,0.100000,99,792,0.000000,1,0.000000,28.565632,9.066139,99,99,0,0,0,0,0
7,79999,55,70000,43,60000,41,9999,0.100000,99,792,0.000000,3,4.000000,27.403292,10.156367,99,99,0,0,0,0,0
7,79999,56,70000,43,60000,40,9999,0.100000,99,792,0.000000,4,0.000000,26.785152,1.015174,99,99,0,0,0,0,0
7,79999,57,70000,43,60000,40,9999,0.100000,99,792,0.000000,3,0.000000,35.636155,5.873593,99,99,0,0,0,0,0
7,79999,58,70000,43,60000,40,9999,0.100000,99,792,0.000000,2,0.000000,25.107540,9.225246,99,99,0,0,0,0,0
7,79999,59,70000,43,60000,40,9999,0.100000,99,792,0.000000,1,0.000000,29.670812,0.216211,99,99,0,0,0,0,0
7,79999,60,70000,43,60000,41,9999,0.100000,99,792,0.000000,4,5.000000,30.401738,14.862320,99,99,0,0,0,0,0
7,79999,61,70000,43,60000,40,9999,0.100000,99,792,0.000000,1,0.000000,21.361759,22.253841,99,99,0,0,0,0,0
7,79999,62,70000,43,60000,0,9999,0.100000,99,792,0.000699,1,0.000000,24.711660,0.094629,99,99,0,0,0,0,1
7,79999,63,70000,43,60000,40,9999,0.100000,99,792,0.000000,2,0.000000,18.766190,0.267075,99,99,0,0,0,0,0
7,79999,64,70000,43,60000,40,9999,0.100000,99,792,0.000000,1,0.000000,22.214139,1.195104,99,99,0,0,0,0,0
7,79999,65,70000,43,60000,40,9999,0.100000,99,792,0.000000,1,0.000000,28.930438,1.082124,99,99,0,0,0,0,0
7,79999,66,70000,43,60000,46,9999,0.100000,99,792,0.000000,5,9.000000,12.345256,19.633481,99,99,0,0,0,0,0
7,79999,67,70000,43,60000,0,9999,0.100000,99,792,2.445519,1,0.000000,35.292062,0.623515,99,99,0,0,0,0,1
7,79999,68,70000,43,60000,40,9999,0.100000,99,792,0.000000,3,0.000000,29.319589,1.061510,99,99,0,0,0,0,0
7,79999,69,70000,43,60000,40,9999,0.100000,99,792,0.000000,2,0.000000,21.173956,0.073025,99,99,0,0,0,0,0
7,79999,70,70000,43,60000,40,9999,0.100000,99,792,0.000000,2,0.000000,16.255853,0.187215,99,99,0,0,0,0,0
7,79999,71,70000,43,60000,41,9999,0.100000,99,792,0.000000,4,4.000000,28.422619,15.303007,99,99,0,0,0,0,0
7,79999,72,70000,43,60000,40,9999,0.100000,99,792,0.000000,2,2.000000,25.555335,5.690407,99,99,0,0,0,0,0
7,79999,73,70000,43,60000,0,9999,0.100000,99,792,0.004541,3,0.000000,15.140502,0.162736,99,99,0,1,0,0,0
7,79999,74,70000,43,60000,40,9999,0.100000,99,792,0.000000,1,0.000000,27.841538,0.844866,99,99,0,0,0,0,0
7,79999,75,70000,43,60000,0,9999,0.100000,99,792,0.538204,1,0.000000,18.756697,0.202650,99,99,0,0,0,1,0
7,79999,76,70000,43,60000,41,9999,0.100000,99,792,0.000000,4,4.000000,27.524949,9.988045,99,99,0,0,0,0,0
7,79999,77,70000,43,60000,40,9999,0.100000,99,792,0.000000,1,0.000000,29.285035,0.077036,99,99,0,0,0,0,0
7,79999,78,70000,43,60000,40,9999,0.100000,99,792,0.000000,1,0.000000,23.638551,2.550444,99,99,0,0,0,0,0
7,79999,79,70000,43,60000,40,9999,0.100000,99,792,0.000000,2,0.000000,32.500371,10.846441,99,99,0,0,0,0,0
7,79999,80,70000,43,60000,40,9999,0.100000,99,792,0.000000,3,0.000000,29.595730,0.215342,99,99,0,0,0,0,0
7,79999,81,70000,43,60000,41,9999,0.100000,99,792,0.000000,1,4.000000,27.299237,10.413852,99,99,0,0,0,0,0
7,79999,82,70000,43,60000,40,9999,0.100000,99,792,0.000000,1,0.000000,35.123527,0.681691,99,99,0,0,0,0,0
7,79999,83,70000,43,60000,0,9999,0.100000,99,792,0.079957,2,0.000000,16.098852,0.170446,99,99,0,0,1,0,0
7,79999,84,70000,43,60000,40,9999,0.100000,99,792,0.000000,4,0.000000,27.655725,9.233341,99,99,0,0,0,0,0
7,79999,85,70000,43,60000,40,9999,0.100000,99,792,0.000000,2,0.000000,29.552223,1.912069,99,99,0,0,0,0,0
7,79999,86,70000,43,60000,40,9999,0.100000,99,792,0.000000,2,0.000000,23.011562,3.274921,99,99,0,0,0,0,0
7,79999,87,70000,43,60000,40,9999,0.100000,99,792,0.000000,3,0.000000,19.376444,0.163765,99,99,0,0,0,0,0
7,79999,88,70000,43,60000,0,9999,0.100000,99,792,0.994710,1,0.000000,23.265220,0.868951,99,99,0,0,0,1,0
7,79999,89,70000,43,60000,40,9999,0.100000,99,792,0.000000,1,0.000000,24.410282,0.126597,99,99,0,0,0,0,0
7,79999,90,70000,43,60000,0,9999,0.100000,99,792,0.001012,1,0.000000,27.516434,0.063986,99,99,0,0,0,0,1
7,79999,91,70000,43,60000,41,9999,0.100000,99,792,0.000000,2,3.000000,28.238179,7.139900,99,99,0,0,0,0,0
7,79999,92,70000,43,60000,40,9999,0.100000,99,792,0.000000,2,0.000000,19.013909,0.635353,99,99,0,0,0,0,0
7,79999,93,70000,43,60000,40,9999,0.100000,99,792,0.000000,1,0.000000,29.948684,0.993534,99,99,0,0,0,0,0
7,79999,94,70000,43,60000,40,9999,0.100000,99,792,0.000000,2,0.000000,14.768006,0.230866,99,99,0,0,0,0,0
7,79999,95,70000,43,60000,40,9999,0.100000,99,792,0.000000,2,0.000000,33.381528,0.500347,99,99,0,0,0,0,0
7,79999,96,70000,43,60000,40,9999,0.100000,99,792,0.000000,2,2.000000,26.072923,7.467666,99,99,0,0,0,0,0
7,79999,97,70000,43,60000,40,9999,0.100000,99,792,0.000000,3,0.000000,16.113966,0.168750,99,99,0,0,0,0,0
7,79999,98,70000,43,60000,40,9999,0.100000,99,792,0.000000,1,0.000000,30.202540,17.357513,99,99,0,0,0,0,0
7,79999,99,70000,43,60000,40,9999,0.100000,99,792,0.000000,1,0.000000,32.257021,0.521196,99,99,0,0,0,0,0
8,89999,0,80000,14,70000,0,9999,0.100000,99,891,0.013038,1,0.000000,28.093673,0.149865,99,99,0,0,1,0,0
8,89999,1,80000,14,70000,40,9999,0.100000,99,891,0.000000,2,1.000000,24.745388,5.553172,99,99,0,0,0,0,0
8,89999,2,80000,14,70000,0,9999,0.100000,99,891,1.311850,4,0.000000,33.331458,0.832803,99,99,0,0,0,0,1
8,89999,3,80000,14,70000,0,9999,0.100000,99,891,0.057666,1,0.000000,19.833939,0.154151,99,99,0,1,0,0,0
8,89999,4,80000,14,70000,40,9999,0.100000,99,891,0.000000,2,0.000000,19.806058,0.253328,99,99,0,0,0,0,0
8,89999,5,80000,14,70000,0,9999,0.100000,99,891,0.001202,2,0.000000,24.158119,0.102455,99,99,0,0,0,1,0
8,89999,6,80000,14,70000,40,9999,0.100000,99,891,0.000000,2,0.000000,20.182735,0.514604,99,99,0,0,0,0,0
8,89999,7,80000,14,70000,40,9999,0.100000,99,891,0.000000,1,0.000000,32.046895,1.252020,99,99,0,0,0,0,0
8,89999,8,80000,14,70000,42,9999,0.100000,99,891,0.000000,3,6.000000,27.432148,17.855811,99,99,0,0,0,0,0
8,89999,9,80000,14,70000,0,9999,0.100000,99,891,0.000890,1,0.000000,23.201746,0.105801,99,99,0,0,0,1,0
8,89999,10,80000,14,70000,0,9999,0.100000,99,891,0.997482,1,0.000000,20.868380,0.172776,99,99,0,0,0,0,1
8,89999,11,80000,14,70000,41,9999,0.100000,99,891,0.000000,4,4.000000,29.226532,11.650433,99,99,0,0,0,0,0
8,89999,12,80000,14,70000,40,9999,0.100000,99,891,0.000000,3,0.000000,24.692321,3.544148,99,99,0,0,0,0,0
8,89999,13,80000,14,70000,40,9999,0.100000,99,891,0.000000,3,0.000000,19.538412,0.656687,99,99,0,0,0,0,0
8,89999,14,80000,18,70000,40,9999,0.100000,99,891,0.000000,2,0.000000,32.645487,1.419919,99,99,0,0,0,0,0
8,89999,15,80000,14,70000,40,9999,0.100000,99,891,0.000000,2,0.000000,19.585340,0.928099,99,99,0,0,0,0,0
8,89999,16,80000,14,70000,0,9999,0.100000,99,891,0.000310,1,0.000000,29.038096,0.100330,99,99,0,0,0,0,1
8,89999,17,80000,14,70000,40,9999,0.100000,99,891,0.000000,2,0.000000,21.890155,0.247021,99,99,0,0,0,0,0
8,89999,18,80000,14,70000,0,9999,0.100000,99,891,0.175383,2,0.000000,27.821405,1.376530,99,99,0,0,0,1,0
8,89999,19,80000,14,70000,0,9999,0.100000,99,891,0.387730,2,0.000000,29.683770,0.471531,99,99,0,0,0,1,0
8,89999,20,80000,14,70000,40,9999,0.100000,99,891,0.000000,2,0.000000,23.257227,1.667189,99,99,0,0,0,0,0
8,89999,21,80000,14,70000,40,9999,0.100000,99,891,0.000000,2,0.000000,23.990136,0.093306,99,99,0,0,0,0,0
8,89999,22,80000,14,70000,0,9999,0.100000,99,891,0.343576,3,0.000000,23.494942,0.236235,99,99,0,0,0,1,0
8,89999,23,80000,14,70000,40,9999,0.100000,99,891,0.000000,2,1.000000,30.871351,1.984453,99,99,0,0,0,0,0
8,89999,24,80000,14,70000,40,9999,0.100000,99,891,0.000000,3,0.000000,22.738879,0.224321,99,99,0,0,0,0,0
8,89999,25,80000,14,70000,40,9999,0.100000,99,891,0.000000,3,0.000000,31.183368,0.964274,99,99,0,0,0,0,0
8,89999,26,80000,14,70000,40,9999,0.100000,99,891,0.000000,2,1.000000,35.111343,3.554742,99,99,0,0,0,0,0
8,89999,27,80000,14,70000,40,9999,0.100000,99,891,0.000000,2,0.000000,27.878450,4.679336,99,99,0,0,0,0,0
8,89999,28,80000,14,70000,1,9999,0.100000,99,891,9.036473,2,4.000000,26.085328,6.075080,99,99,0,0,0,1,0
8,89999,29,80000,14,70000,0,9999,0.100000,99,891,0.099331,2,0.000000,20.438592,0.127100,99,99,0,0,0,0,1
8,89999,30,80000,14,70000,0,9999,0.100000,99,891,0.056546,1,0.000000,23.175608,0.158862,99,99,0,1,0,0,0
8,89999,31,80000,14,70000,41,9999,0.100000,99,891,0.000000,2,4.000000,26.250769,6.030582,99,99,0,0,0,0,0
8,89999,32,80000,14,70000,41,9999,0.100000,99,891,0.000000,3,4.000000,29.713625,13.134765,99,99,0,0,0,0,0
8,89999,33,80000,14,70000,40,9999,0.100000,99,891,0.000000,1,2.000000,19.560716,4.837371,99,99,0,0,0,0,0
8,89999,34,80000,14,70000,40,9999,0.100000,99,891,0.000000,1,0.000000,23.213355,24.045113,99,99,0,0,0,0,0
8,89999,35,80000,14,70000,40,9999,0.100000,99,891,0.000000,1,0.000000,32.121866,0.530900,99,99,0,0,0,0,0
8,89999,36,80000,14,70000,40,9999,0.100000,99,891,0.000000,1,0.000000,31.266147,0.968858,99,99,0,0,0,0,0
8,89999,37,80000,14,70000,0,9999,0.100000,99,891,0.139427,4,0.000000,32.831028,1.492828,99,99,0,0,1,0,0
8,89999,38,80000,14,70000,40,9999,0.100000,99,891,0.000000,2,0.000000,28.379880,5.306982,99,99,0,0,0,0,0
8,89999,39,80000,14,70000,0,9999,0.100000,99,891,0.098546,2,0.000000,22.067303,0.120895,99,99,0,0,0,0,1
8,89999,40,80000,14,70000,40,9999,0.100000,99,891,0.000000,1,0.000000,19.511475,1.026473,99,99,0,0,0,0,0
8,89999,41,80000,14,70000,43,9999,0.100000,99,891,0.000000,2,8.000000,25.001910,11.196547,99,99,0,0,0,0,0
8,89999,42,80000,14,70000,0,9999,0.100000,99,891,0.478969,3,0.000000,29.450280,1.966362,99,99,0,0,1,0,0
8,89999,43,80000,14,70000,40,9999,0.100000,99,891,0.000000,3,0.000000,24.490435,3.045599,99,99,0,0,0,0,0
8,89999,44,80000,14,70000,40,9999,0.100000,99,891,0.000000,3,0.000000,25.304259,3.468198,99,99,0,0,0,0,0
8,89999,45,80000,14,70000,40,9999,0.100000,99,891,0.000000,2,0.000000,20.070741,0.741121,99,99,0,0,0,0,0
8,89999,46,80000,14,70000,41,9999,0.100000,99,891,0.000000,1,4.000000,25.913720,6.074778,99,99,0,0,0,0,0
8,89999,47,80000,14,70000,40,9999,0.100000,99,891,0.000000,2,0.000000,35.262690,4.392714,99,99,0,0,0,0,0
8,89999,48,80000,14,70000,41,9999,0.100000,99,891,0.000000,2,4.000000,26.547853,7.135578,99,99,0,0,0,0,0
8,89999,49,80000,14,70000,40,9999,0.100000,99,891,0.000000,3,0.000000,32.246784,2.696954,99,99,0,0,0,0,0
8,89999,50,80000,14,70000,40,9999,0.100000,99,891,0.000000,2,0.000000,33.017287,1.966881,99,99,0,0,0,0,0
8,89999,51,80000,14,70000,40,9999,0.100000,99,891,0.000000,3,0.000000,23.255348,0.499987,99,99,0,0,0,0,0
8,89999,52,80000,14,70000,40,9999,0.100000,99,891,0.000000,3,0.000000,13.010461,1.035655,99,99,0,0,0,0,0
8,89999,53,80000,14,70000,40,9999,0.100000,99,891,0.000000,2,0.000000,20.559486,0.873339,99,99,0,0,0,0,0
8,89999,54,80000,14,70000,40,9999,0.100000,99,891,0.000000,1,0.000000,28.093736,0.354703,99,99,0,0,0,0,0
8,89999,55,80000,14,70000,42,9999,0.100000,99,891,0.000000,3,6.000000,26.275366,31.523091,99,99,0,0,0,0,0
8,89999,56,80000,14,70000,40,9999,0.100000,99,891,0.000000,4,0.000000,26.002932,1.431790,99,99,0,0,0,0,0
8,89999,57,80000,14,70000,40,9999,0.100000,99,891,0.000000,3,0.000000,35.375602,3.475525,99,99,0,0,0,0,0
8,89999,58,80000,14,70000,40,9999,0.100000,99,891,0.000000,2,0.000000,24.923525,3.523228,99,99,0,0,0,0,0
8,89999,59,80000,14,70000,40,9999,0.100000,99,891,0.000000,1,0.000000,29.609292,0.204016,99,99,0,0,0,0,0
8,89999,60,80000,14,70000,40,9999,0.100000,99,891,0.000000,4,2.000000,28.501636,7.258026,99,99,0,0,0,0,0
8,89999,61,80000,14,70000,40,9999,0.100000,99,891,0.000000,1,0.000000,21.519043,22.274693,99,99,0,0,0,0,0
8,89999,62,80000,14,70000,0,9999,0.100000,99,891,0.001007,1,0.000000,24.711436,0.093879,99,99,0,0,0,0,1
8,89999,63,80000,14,70000,40,9999,0.100000,99,891,0.000000,2,0.000000,18.872224,0.284586,99,99,0,0,0,0,0
8,89999,64,80000,14,70000,0,9999,0.100000,99,891,0.345066,1,0.000000,22.450933,1.226091,99,99,0,0,0,1,0
8,89999,65,80000,14,70000,40,9999,0.100000,99,891,0.000000,1,0.000000,28.929121,0.084268,99,99,0,0,0,0,0
8,89999,66,80000,14,70000,6,9999,0.100000,99,891,0.553698,6,8.000000,11.447286,19.923351,99,99,0,0,1,0,0
8,89999,67,80000,14,70000,40,9999,0.100000,99,891,0.000000,1,0.000000,35.535243,6.172893,99,99,0,0,0,0,0
8,89999,68,80000,14,70000,40,9999,0.100000,99,891,0.000000,3,1.000000,29.589940,1.904333,99,99,0,0,0,0,0
8,89999,69,80000,14,70000,40,9999,0.100000,99,891,0.000000,2,0.000000,21.172808,0.100078,99,99,0,0,0,0,0
8,89999,70,80000,14,70000,40,9999,0.135000,99,891,0.000000,2,0.000000,16.166644,0.182112,99,99,0,0,0,0,0
8,89999,71,80000,14,70000,42,9999,0.100000,99,891,0.000000,4,6.000000,27.542292,17.756994,99,99,0,0,0,0,0
8,89999,72,80000,14,70000,40,9999,0.100000,99,891,0.000000,2,0.000000,24.252644,1.653931,99,99,0,0,0,0,0
8,89999,73,80000,14,70000,0,9999,0.100000,99,891,0.040788,3,0.000000,15.136678,0.161732,99,99,0,1,0,0,0
8,89999,74,80000,14,70000,40,9999,0.100000,99,891,0.000000,1,0.000000,27.332454,0.261146,99,99,0,0,0,0,0
8,89999,75,80000,14,70000,0,9999,0.100000,99,891,0.128222,1,0.000000,18.848571,0.152081,99,99,0,0,0,1,0
8,89999,76,80000,14,70000,40,9999,0.100000,99,891,0.000000,4,1.000000,22.642560,15.390945,99,99,0,0,0,0,0
8,89999,77,80000,14,70000,40,9999,0.100000,99,891,0.000000,1,0.000000,29.283643,0.077136,99,99,0,0,0,0,0
8,89999,78,80000,14,70000,40,9999,0.100000,99,891,0.000000,1,0.000000,23.639388,0.098384,99,99,0,0,0,0,0
8,89999,79,80000,14,70000,40,9999,0.100000,99,891,0.000000,2,0.000000,32.285262,11.332703,99,99,0,0,0,0,0
8,89999,80,80000,14,70000,40,9999,0.100000,99,891,0.000000,3,0.000000,29.567286,0.192010,99,99,0,0,0,0,0
8,89999,81,80000,14,70000,41,9999,0.100000,99,891,0.000000,2,3.000000,26.170044,17.194708,99,99,0,0,0,0,0
8,89999,82,80000,14,70000,41,9999,0.100000,99,891,0.000000,2,6.000000,35.405405,19.836839,99,99,0,0,0,0,0
8,89999,83,80000,14,70000,0,9999,0.100000,99,891,0.067960,2,0.000000,16.010054,0.183086,99,99,0,0,1,0,0
8,89999,84,80000,14,70000,40,9999,0.100000,99,891,0.000000,4,1.000000,27.886950,9.498122,99,99,0,0,0,0,0
8,89999,85,80000,14,70000,40,9999,0.100000,99,891,0.000000,2,0.000000,29.805253,1.258238,99,99,0,0,0,0,0
8,89999,86,80000,14,70000,40,9999,0.100000,99,891,0.000000,2,0.000000,23.350399,4.832136,99,99,0,0,0,0,0
8,89999,87,80000,14,70000,0,9999,0.100000,99,891,1.208197,3,0.000000,19.471516,0.430231,99,99,0,0,1,0,0
8,89999,88,80000,14,70000,40,9999,0.100000,99,891,0.000000,1,0.000000,23.028651,0.282978,99,99,0,0,0,0,0
8,89999,89,80000,14,70000,40,9999,0.100000,99,891,0.000000,1,0.000000,24.386038,4.697910,99,99,0,0,0,0,0
8,89999,90,80000,14,70000,0,9999,0.100000,99,891,0.000978,1,0.000000,27.516452,0.063937,99,99,0,0,0,0,1
8,89999,91,80000,14,70000,40,9999,0.100000,99,891,0.000000,2,0.000000,25.923832,1.758965,99,99,0,0,0,0,0
8,89999,92,80000,14,70000,0,9999,0.100000,99,891,0.157668,2,0.000000,19.315889,0.242201,99,99,0,1,0,0,0
8,89999,93,80000,14,70000,40,9999,0.100000,99,891,0.000000,1,0.000000,29.812489,1.140409,99,99,0,0,0,0,0
8,89999,94,80000,14,70000,40,9999,0.100000,99,891,0.000000,2,0.000000,14.765831,0.227412,99,99,0,0,0,0,0
8,89999,95,80000,14,70000,40,9999,0.100000,99,891,0.000000,2,0.000000,33.518312,0.851986,99,99,0,0,0,0,0
8,89999,96,80000,14,70000,42,9999,0.100000,99,891,0.000000,2,7.000000,26.953400,16.144972,99,99,0,0,0,0,0
8,89999,97,80000,14,70000,40,9999,0.100000,99,891,0.000000,3,0.000000,16.028054,0.116065,99,99,0,0,0,0,0
8,89999,98,80000,14,70000,40,9999,0.100000,99,891,0.000000,1,0.000000,29.851740,15.824654,99,99,0,0,0,0,0
8,89999,99,80000,14,70000,40,9999,0.100000,99,891,0.000000,1,0.000000,32.217141,0.533020,99,99,0,0,0,0,0
