generation,s-type,s-value, isActive
0,1,0.000000,1
0,2,0.000000,1
0,3,0.000000,1
0,4,0.000000,1
0,5,0.000000,1
0,6,0.000000,1
0,7,0.000000,1
0,1,0.000000,1
0,2,0.000000,1
0,3,0.000000,1
0,4,0.000000,1
0,5,0.000000,1
0,6,0.000000,1
0,7,0.000000,1
0,1,0.000000,1
0,2,0.000000,1
0,3,0.000000,1
0,4,0.000000,1
0,5,0.000000,1
0,6,0.000000,1
0,7,0.000000,1
0,1,0.000000,1
0,2,0.000000,1
0,3,0.000000,1
0,4,0.000000,1
0,5,0.000000,1
0,6,0.000000,1
0,7,0.000000,1
1,1,0.000000,1
1,2,0.000000,1
1,3,0.000000,1
1,4,0.000000,1
1,5,0.000000,1
1,6,0.000000,1
1,7,0.000000,1
1,1,0.000000,1
1,2,0.000000,1
1,3,0.000000,1
1,4,0.000000,1
1,5,0.000000,1
1,6,0.000000,1
1,7,0.000000,1
1,1,0.000000,1
1,2,0.000000,1
1,3,0.000000,1
1,4,0.000000,1
1,5,0.000000,1
1,6,0.000000,1
1,7,0.000000,1
1,1,0.000000,1
1,2,0.000000,1
1,3,0.000000,1
1,4,0.000000,1
1,5,0.000000,1
1,6,0.000000,1
1,7,0.000000,1
2,1,0.000000,1
2,2,0.000000,1
2,3,0.000000,1
2,4,0.000000,1
2,5,0.000000,1
2,6,0.000000,1
2,7,0.000000,1
2,1,0.000000,1
2,2,0.000000,1
2,3,0.000000,1
2,4,0.000000,1
2,5,0.000000,1
2,6,0.000000,1
2,7,0.000000,1
2,1,0.000000,1
2,2,0.000000,1
2,3,0.000000,1
2,4,0.000000,1
2,5,0.000000,1
2,6,0.000000,1
2,7,0.000000,1
2,1,0.000000,1
2,2,0.000000,1
2,3,0.000000,1
2,4,0.000000,1
2,5,0.000000,1
2,6,0.000000,1
2,7,0.000000,1
3,1,0.000000,1
3,2,0.000000,1
3,3,0.000000,1
3,4,0.000000,1
3,5,0.000000,1
3,6,0.000000,1
3,7,0.000000,1
3,1,0.000000,1
3,2,0.000000,1
3,3,0.000000,1
3,4,0.000000,1
3,5,0.000000,1
3,6,0.000000,1
3,7,0.000000,1
3,1,0.000000,1
3,2,0.000000,1
3,3,0.000000,1
3,4,0.000000,1
3,5,0.000000,1
3,6,0.000000,1
3,7,0.000000,1
3,1,0.000000,1
3,2,0.000000,1
3,3,0.000000,1
3,4,0.000000,1
3,5,0.000000,1
3,6,0.000000,1
3,7,0.000000,1
4,1,0.000000,1
4,2,0.000000,1
4,3,0.000000,1
4,4,0.000000,1
4,5,0.000000,1
4,6,0.000000,1
4,7,0.000000,1
4,1,0.000000,1
4,2,0.000000,1
4,3,0.000000,1
4,4,0.000000,1
4,5,0.000000,1
4,6,0.000000,1
4,7,0.000000,1
4,1,0.000000,1
4,2,0.000000,1
4,3,0.000000,1
4,4,0.000000,1
4,5,0.000000,1
4,6,0.000000,1
4,7,0.000000,1
4,1,0.000000,1
4,2,0.000000,1
4,3,0.000000,1
4,4,0.000000,1
4,5,0.000000,1
4,6,0.000000,1
4,7,0.000000,1
5,1,0.086312,1
5,2,0.000000,1
5,3,0.000000,1
5,4,0.000000,1
5,5,0.000000,1
5,6,0.000000,1
5,7,0.000000,1
5,1,0.086312,1
5,2,0.000000,1
5,3,0.000000,1
5,4,0.000000,1
5,5,0.000000,1
5,6,0.000000,1
5,7,0.000000,1
5,1,0.086312,1
5,2,0.000000,1
5,3,0.000000,1
5,4,0.000000,1
5,5,0.000000,1
5,6,0.000000,1
5,7,0.000000,1
5,1,0.086312,1
5,2,0.000000,1
5,3,0.000000,1
5,4,0.000000,1
5,5,0.000000,1
5,6,0.000000,1
5,7,0.000000,1
6,1,0.161009,0
6,2,0.000000,1
6,3,0.000000,1
6,4,0.000000,1
6,5,0.000000,1
6,6,0.000000,1
6,7,0.000000,1
6,1,0.161009,0
6,2,0.000000,1
6,3,0.000000,1
6,4,0.000000,1
6,5,0.000000,1
6,6,0.000000,1
6,7,0.000000,1
6,1,0.161009,0
6,2,0.000000,1
6,3,0.000000,1
6,4,0.000000,1
6,5,0.000000,1
6,6,0.000000,1
6,7,0.000000,1
6,1,0.161009,0
6,2,0.000000,1
6,3,0.000000,1
6,4,0.000000,1
6,5,0.000000,1
6,6,0.000000,1
6,7,0.000000,1
7,1,0.161009,0
7,2,0.000000,1
7,3,0.000000,1
7,4,0.000000,1
7,5,0.033672,1
7,6,0.000000,1
7,7,0.000000,1
7,1,0.161009,0
7,2,0.000000,1
7,3,0.000000,1
7,4,0.000000,1
7,5,0.033672,1
7,6,0.000000,1
7,7,0.000000,1
7,1,0.161009,0
7,2,0.000000,1
7,3,0.000000,1
7,4,0.000000,1
7,5,0.033672,1
7,6,0.000000,1
7,7,0.000000,1
7,1,0.161009,0
7,2,0.000000,1
7,3,0.000000,1
7,4,0.000000,1
7,5,0.033672,1
7,6,0.000000,1
7,7,0.000000,1
8,1,0.161009,0
8,2,0.000000,1
8,3,0.000000,1
8,4,0.000000,1
8,5,0.033672,1
8,6,0.000000,1
8,7,0.000000,1
8,1,0.161009,0
8,2,0.000000,1
8,3,0.000000,1
8,4,0.000000,1
8,5,0.033672,1
8,6,0.000000,1
8,7,0.000000,1
8,1,0.161009,0
8,2,0.000000,1
8,3,0.000000,1
8,4,0.000000,1
8,5,0.033672,1
8,6,0.000000,1
8,7,0.000000,1
8,1,0.161009,0
8,2,0.000000,1
8,3,0.000000,1
8,4,0.000000,1
8,5,0.033672,1
8,6,0.000000,1
8,7,0.000000,1
9,1,0.161009,0
9,2,0.000000,1
9,3,0.000000,1
9,4,0.172514,0
9,5,0.033672,1
9,6,0.000000,1
9,7,0.000000,1
9,1,0.161009,0
9,2,0.000000,1
9,3,0.000000,1
9,4,0.172514,0
9,5,0.033672,1
9,6,0.000000,1
9,7,0.000000,1
9,1,0.161009,0
9,2,0.000000,1
9,3,0.000000,1
9,4,0.172514,0
9,5,0.033672,1
9,6,0.000000,1
9,7,0.000000,1
9,1,0.161009,0
9,2,0.000000,1
9,3,0.000000,1
9,4,0.172514,0
9,5,0.033672,1
9,6,0.000000,1
9,7,0.000000,1
10,1,0.161009,0
10,2,0.000000,1
10,3,0.000000,1
10,4,0.201440,0
10,5,0.033672,1
10,6,0.000000,1
10,7,0.000000,1
10,1,0.161009,0
10,2,0.000000,1
10,3,0.000000,1
10,4,0.201440,0
10,5,0.033672,1
10,6,0.000000,1
10,7,0.000000,1
10,1,0.161009,0
10,2,0.000000,1
10,3,0.000000,1
10,4,0.201440,0
10,5,0.033672,1
10,6,0.000000,1
10,7,0.000000,1
10,1,0.161009,0
10,2,0.000000,1
10,3,0.000000,1
10,4,0.201440,0
10,5,0.033672,1
10,6,0.000000,1
10,7,0.000000,1
11,1,0.161009,0
11,2,0.000000,1
11,3,0.000000,1
11,4,0.201440,0
11,5,0.033672,1
11,6,0.000000,1
11,7,0.000000,1
11,1,0.161009,0
11,2,0.000000,1
11,3,0.000000,1
11,4,0.201440,0
11,5,0.033672,1
11,6,0.000000,1
11,7,0.000000,1
11,1,0.161009,0
11,2,0.000000,1
11,3,0.000000,1
11,4,0.201440,0
11,5,0.033672,1
11,6,0.000000,1
11,7,0.000000,1
11,1,0.161009,0
11,2,0.000000,1
11,3,0.000000,1
11,4,0.201440,0
11,5,0.033672,1
11,6,0.000000,1
11,7,0.000000,1
12,1,0.161009,0
12,2,0.000000,1
12,3,0.000000,1
12,4,0.201440,0
12,5,0.033672,1
12,6,0.000000,1
12,7,0.000000,1
12,1,0.161009,0
12,2,0.000000,1
12,3,0.000000,1
12,4,0.201440,0
12,5,0.033672,1
12,6,0.000000,1
12,7,0.000000,1
12,1,0.161009,0
12,2,0.000000,1
12,3,0.000000,1
12,4,0.201440,0
12,5,0.033672,1
12,6,0.000000,1
12,7,0.000000,1
12,1,0.161009,0
12,2,0.000000,1
12,3,0.000000,1
12,4,0.201440,0
12,5,0.033672,1
12,6,0.000000,1
12,7,0.000000,1
13,1,0.161009,0
13,2,0.000000,1
13,3,0.000000,1
13,4,0.201440,0
13,5,0.033672,1
13,6,0.000000,1
13,7,0.000000,1
13,1,0.161009,0
13,2,0.000000,1
13,3,0.000000,1
13,4,0.201440,0
13,5,0.033672,1
13,6,0.000000,1
13,7,0.000000,1
13,1,0.161009,0
13,2,0.000000,1
13,3,0.000000,1
13,4,0.201440,0
13,5,0.033672,1
13,6,0.000000,1
13,7,0.000000,1
13,1,0.161009,0
13,2,0.000000,1
13,3,0.000000,1
13,4,0.201440,0
13,5,0.033672,1
13,6,0.000000,1
13,7,0.000000,1
14,1,0.161009,0
14,2,0.000000,1
14,3,0.000000,1
14,4,0.201440,0
14,5,0.033672,1
14,6,0.000000,1
14,7,0.000000,1
14,1,0.161009,0
14,2,0.000000,1
14,3,0.000000,1
14,4,0.201440,0
14,5,0.033672,1
14,6,0.000000,1
14,7,0.000000,1
14,1,0.161009,0
14,2,0.000000,1
14,3,0.000000,1
14,4,0.201440,0
14,5,0.033672,1
14,6,0.000000,1
14,7,0.000000,1
14,1,0.161009,0
14,2,0.000000,1
14,3,0.000000,1
14,4,0.201440,0
14,5,0.033672,1
14,6,0.000000,1
14,7,0.000000,1
15,1,0.161009,0
15,2,0.000000,1
15,3,0.000000,1
15,4,0.201440,0
15,5,0.033672,1
15,6,0.000000,1
15,7,0.000000,1
15,1,0.161009,0
15,2,0.000000,1
15,3,0.000000,1
15,4,0.201440,0
15,5,0.033672,1
15,6,0.000000,1
15,7,0.000000,1
15,1,0.161009,0
15,2,0.000000,1
15,3,0.000000,1
15,4,0.201440,0
15,5,0.033672,1
15,6,0.000000,1
15,7,0.000000,1
15,1,0.161009,0
15,2,0.000000,1
15,3,0.000000,1
15,4,0.201440,0
15,5,0.033672,1
15,6,0.000000,1
15,7,0.000000,1
16,1,0.161009,0
16,2,0.000000,1
16,3,0.000000,1
16,4,0.201440,0
16,5,0.033672,1
16,6,0.000000,1
16,7,0.000000,1
16,1,0.161009,0
16,2,0.000000,1
16,3,0.000000,1
16,4,0.201440,0
16,5,0.033672,1
16,6,0.000000,1
16,7,0.000000,1
16,1,0.161009,0
16,2,0.000000,1
16,3,0.000000,1
16,4,0.201440,0
16,5,0.033672,1
16,6,0.000000,1
16,7,0.000000,1
16,1,0.161009,0
16,2,0.000000,1
16,3,0.000000,1
16,4,0.201440,0
16,5,0.033672,1
16,6,0.000000,1
16,7,0.000000,1
17,1,0.161009,0
17,2,0.000000,1
17,3,0.014340,1
17,4,0.201440,0
17,5,0.033672,1
17,6,0.000000,1
17,7,0.000000,1
17,1,0.161009,0
17,2,0.000000,1
17,3,0.014340,1
17,4,0.201440,0
17,5,0.033672,1
17,6,0.000000,1
17,7,0.000000,1
17,1,0.161009,0
17,2,0.000000,1
17,3,0.014340,1
17,4,0.201440,0
17,5,0.033672,1
17,6,0.000000,1
17,7,0.000000,1
17,1,0.161009,0
17,2,0.000000,1
17,3,0.014340,1
17,4,0.201440,0
17,5,0.033672,1
17,6,0.000000,1
17,7,0.000000,1
18,1,0.161009,0
18,2,0.000000,1
18,3,0.014340,1
18,4,0.201440,0
18,5,0.033672,1
18,6,0.000000,1
18,7,0.000000,1
18,1,0.161009,0
18,2,0.000000,1
18,3,0.014340,1
18,4,0.201440,0
18,5,0.033672,1
18,6,0.000000,1
18,7,0.000000,1
18,1,0.161009,0
18,2,0.000000,1
18,3,0.014340,1
18,4,0.201440,0
18,5,0.033672,1
18,6,0.000000,1
18,7,0.000000,1
18,1,0.161009,0
18,2,0.000000,1
18,3,0.014340,1
18,4,0.201440,0
18,5,0.033672,1
18,6,0.000000,1
18,7,0.000000,1
19,1,0.161009,0
19,2,0.000000,1
19,3,0.014340,1
19,4,0.201440,0
19,5,0.033672,1
19,6,0.000000,1
19,7,0.000000,1
19,1,0.161009,0
19,2,0.000000,1
19,3,0.014340,1
19,4,0.201440,0
19,5,0.033672,1
19,6,0.000000,1
19,7,0.000000,1
19,1,0.161009,0
19,2,0.000000,1
19,3,0.014340,1
19,4,0.201440,0
19,5,0.033672,1
19,6,0.000000,1
19,7,0.000000,1
19,1,0.161009,0
19,2,0.000000,1
19,3,0.014340,1
19,4,0.201440,0
19,5,0.033672,1
19,6,0.000000,1
19,7,0.000000,1
20,1,0.161009,0
20,2,0.000000,1
20,3,0.014340,1
20,4,0.201440,0
20,5,0.033672,1
20,6,0.000000,1
20,7,0.000000,1
20,1,0.161009,0
20,2,0.000000,1
20,3,0.014340,1
20,4,0.201440,0
20,5,0.033672,1
20,6,0.000000,1
20,7,0.000000,1
20,1,0.161009,0
20,2,0.000000,1
20,3,0.014340,1
20,4,0.201440,0
20,5,0.033672,1
20,6,0.000000,1
20,7,0.000000,1
20,1,0.161009,0
20,2,0.000000,1
20,3,0.014340,1
20,4,0.201440,0
20,5,0.033672,1
20,6,0.000000,1
20,7,0.000000,1
21,1,0.161009,0
21,2,0.000000,1
21,3,0.014340,1
21,4,0.201440,0
21,5,0.033672,1
21,6,0.000000,1
21,7,0.000000,1
21,1,0.161009,0
21,2,0.000000,1
21,3,0.014340,1
21,4,0.201440,0
21,5,0.033672,1
21,6,0.000000,1
21,7,0.000000,1
21,1,0.161009,0
21,2,0.000000,1
21,3,0.014340,1
21,4,0.201440,0
21,5,0.033672,1
21,6,0.000000,1
21,7,0.000000,1
21,1,0.161009,0
21,2,0.000000,1
21,3,0.014340,1
21,4,0.201440,0
21,5,0.033672,1
21,6,0.000000,1
21,7,0.000000,1
22,1,0.161009,0
22,2,0.000000,1
22,3,0.014340,1
22,4,0.201440,0
22,5,0.033672,1
22,6,0.000000,1
22,7,0.000000,1
22,1,0.161009,0
22,2,0.000000,1
22,3,0.014340,1
22,4,0.201440,0
22,5,0.033672,1
22,6,0.000000,1
22,7,0.000000,1
22,1,0.161009,0
22,2,0.000000,1
22,3,0.014340,1
22,4,0.201440,0
22,5,0.033672,1
22,6,0.000000,1
22,7,0.000000,1
22,1,0.161009,0
22,2,0.000000,1
22,3,0.014340,1
22,4,0.201440,0
22,5,0.033672,1
22,6,0.000000,1
22,7,0.000000,1
23,1,0.161009,0
23,2,0.000000,1
23,3,0.014340,1
23,4,0.201440,0
23,5,0.033672,1
23,6,0.000000,1
23,7,0.000000,1
23,1,0.161009,0
23,2,0.000000,1
23,3,0.014340,1
23,4,0.201440,0
23,5,0.033672,1
23,6,0.000000,1
23,7,0.000000,1
23,1,0.161009,0
23,2,0.000000,1
23,3,0.014340,1
23,4,0.201440,0
23,5,0.033672,1
23,6,0.000000,1
23,7,0.000000,1
23,1,0.161009,0
23,2,0.000000,1
23,3,0.014340,1
23,4,0.201440,0
23,5,0.033672,1
23,6,0.000000,1
23,7,0.000000,1
24,1,0.161009,0
24,2,0.000000,1
24,3,0.014340,1
24,4,0.201440,0
24,5,0.033672,1
24,6,0.000000,1
24,7,0.000000,1
24,1,0.161009,0
24,2,0.000000,1
24,3,0.014340,1
24,4,0.201440,0
24,5,0.033672,1
24,6,0.000000,1
24,7,0.000000,1
24,1,0.161009,0
24,2,0.000000,1
24,3,0.014340,1
24,4,0.201440,0
24,5,0.033672,1
24,6,0.000000,1
24,7,0.000000,1
24,1,0.161009,0
24,2,0.000000,1
24,3,0.014340,1
24,4,0.201440,0
24,5,0.033672,1
24,6,0.000000,1
24,7,0.000000,1
25,1,0.161009,0
25,2,0.000000,1
25,3,0.014340,1
25,4,0.201440,0
25,5,0.033672,1
25,6,0.000000,1
25,7,0.000000,1
25,1,0.161009,0
25,2,0.000000,1
25,3,0.014340,1
25,4,0.201440,0
25,5,0.033672,1
25,6,0.000000,1
25,7,0.000000,1
25,1,0.161009,0
25,2,0.000000,1
25,3,0.014340,1
25,4,0.201440,0
25,5,0.033672,1
25,6,0.000000,1
25,7,0.000000,1
25,1,0.161009,0
25,2,0.000000,1
25,3,0.014340,1
25,4,0.201440,0
25,5,0.033672,1
25,6,0.000000,1
25,7,0.000000,1
26,1,0.161009,0
26,2,0.000000,1
26,3,0.014340,1
26,4,0.201440,0
26,5,0.033672,1
26,6,0.000000,1
26,7,0.000000,1
26,1,0.161009,0
26,2,0.000000,1
26,3,0.014340,1
26,4,0.201440,0
26,5,0.033672,1
26,6,0.000000,1
26,7,0.000000,1
26,1,0.161009,0
26,2,0.000000,1
26,3,0.014340,1
26,4,0.201440,0
26,5,0.033672,1
26,6,0.000000,1
26,7,0.000000,1
26,1,0.161009,0
26,2,0.000000,1
26,3,0.014340,1
26,4,0.201440,0
26,5,0.033672,1
26,6,0.000000,1
26,7,0.000000,1
27,1,0.161009,0
27,2,0.000000,1
27,3,0.014340,1
27,4,0.201440,0
27,5,0.030465,1
27,6,0.000000,1
27,7,0.000000,1
27,1,0.161009,0
27,2,0.000000,1
27,3,0.014340,1
27,4,0.201440,0
27,5,0.030465,1
27,6,0.000000,1
27,7,0.000000,1
27,1,0.161009,0
27,2,0.000000,1
27,3,0.014340,1
27,4,0.201440,0
27,5,0.030465,1
27,6,0.000000,1
27,7,0.000000,1
27,1,0.161009,0
27,2,0.000000,1
27,3,0.014340,1
27,4,0.201440,0
27,5,0.030465,1
27,6,0.000000,1
27,7,0.000000,1
28,1,0.161009,0
28,2,0.000000,1
28,3,0.014340,1
28,4,0.201440,0
28,5,0.030465,1
28,6,0.000000,1
28,7,0.000000,1
28,1,0.161009,0
28,2,0.000000,1
28,3,0.014340,1
28,4,0.201440,0
28,5,0.030465,1
28,6,0.000000,1
28,7,0.000000,1
28,1,0.161009,0
28,2,0.000000,1
28,3,0.014340,1
28,4,0.201440,0
28,5,0.030465,1
28,6,0.000000,1
28,7,0.000000,1
28,1,0.161009,0
28,2,0.000000,1
28,3,0.014340,1
28,4,0.201440,0
28,5,0.030465,1
28,6,0.000000,1
28,7,0.000000,1
29,1,0.223523,0
29,2,0.000000,1
29,3,0.014340,1
29,4,0.201440,0
29,5,0.030465,1
29,6,0.000000,1
29,7,0.000000,1
29,1,0.223523,0
29,2,0.000000,1
29,3,0.014340,1
29,4,0.201440,0
29,5,0.030465,1
29,6,0.000000,1
29,7,0.000000,1
29,1,0.223523,0
29,2,0.000000,1
29,3,0.014340,1
29,4,0.201440,0
29,5,0.030465,1
29,6,0.000000,1
29,7,0.000000,1
29,1,0.223523,0
29,2,0.000000,1
29,3,0.014340,1
29,4,0.201440,0
29,5,0.030465,1
29,6,0.000000,1
29,7,0.000000,1
30,1,0.223523,0
30,2,0.000000,1
30,3,0.014340,1
30,4,0.201440,0
30,5,0.030465,1
30,6,0.000000,1
30,7,0.000000,1
30,1,0.223523,0
30,2,0.000000,1
30,3,0.014340,1
30,4,0.201440,0
30,5,0.030465,1
30,6,0.000000,1
30,7,0.000000,1
30,1,0.223523,0
30,2,0.000000,1
30,3,0.014340,1
30,4,0.201440,0
30,5,0.030465,1
30,6,0.000000,1
30,7,0.000000,1
30,1,0.223523,0
30,2,0.000000,1
30,3,0.014340,1
30,4,0.201440,0
30,5,0.030465,1
30,6,0.000000,1
30,7,0.000000,1
31,1,0.223523,0
31,2,0.000000,1
31,3,0.014340,1
31,4,0.201440,0
31,5,0.030465,1
31,6,0.000000,1
31,7,0.000000,1
31,1,0.223523,0
31,2,0.000000,1
31,3,0.014340,1
31,4,0.201440,0
31,5,0.030465,1
31,6,0.000000,1
31,7,0.000000,1
31,1,0.223523,0
31,2,0.000000,1
31,3,0.014340,1
31,4,0.201440,0
31,5,0.030465,1
31,6,0.000000,1
31,7,0.000000,1
31,1,0.223523,0
31,2,0.000000,1
31,3,0.014340,1
31,4,0.201440,0
31,5,0.030465,1
31,6,0.000000,1
31,7,0.000000,1
32,1,0.223523,0
32,2,0.000000,1
32,3,0.014340,1
32,4,0.201440,0
32,5,0.030465,1
32,6,0.000000,1
32,7,0.000000,1
32,1,0.223523,0
32,2,0.000000,1
32,3,0.014340,1
32,4,0.201440,0
32,5,0.030465,1
32,6,0.000000,1
32,7,0.000000,1
32,1,0.223523,0
32,2,0.000000,1
32,3,0.014340,1
32,4,0.201440,0
32,5,0.030465,1
32,6,0.000000,1
32,7,0.000000,1
32,1,0.223523,0
32,2,0.000000,1
32,3,0.014340,1
32,4,0.201440,0
32,5,0.030465,1
32,6,0.000000,1
32,7,0.000000,1
33,1,0.223523,0
33,2,0.000000,1
33,3,0.174290,0
33,4,0.201440,0
33,5,0.030465,1
33,6,0.000000,1
33,7,0.000000,1
33,1,0.223523,0
33,2,0.000000,1
33,3,0.174290,0
33,4,0.201440,0
33,5,0.030465,1
33,6,0.000000,1
33,7,0.000000,1
33,1,0.223523,0
33,2,0.000000,1
33,3,0.174290,0
33,4,0.201440,0
33,5,0.030465,1
33,6,0.000000,1
33,7,0.000000,1
33,1,0.223523,0
33,2,0.000000,1
33,3,0.174290,0
33,4,0.201440,0
33,5,0.030465,1
33,6,0.000000,1
33,7,0.000000,1
34,1,0.223523,0
34,2,0.000000,1
34,3,0.174290,0
34,4,0.201440,0
34,5,0.030465,1
34,6,0.000000,1
34,7,0.000000,1
34,1,0.223523,0
34,2,0.000000,1
34,3,0.174290,0
34,4,0.201440,0
34,5,0.030465,1
34,6,0.000000,1
34,7,0.000000,1
34,1,0.223523,0
34,2,0.000000,1
34,3,0.174290,0
34,4,0.201440,0
34,5,0.030465,1
34,6,0.000000,1
34,7,0.000000,1
34,1,0.223523,0
34,2,0.000000,1
34,3,0.174290,0
34,4,0.201440,0
34,5,0.030465,1
34,6,0.000000,1
34,7,0.000000,1
35,1,0.223523,0
35,2,0.000000,1
35,3,0.174290,0
35,4,0.201440,0
35,5,0.030465,1
35,6,0.000000,1
35,7,0.000000,1
35,1,0.223523,0
35,2,0.000000,1
35,3,0.174290,0
35,4,0.201440,0
35,5,0.030465,1
35,6,0.000000,1
35,7,0.000000,1
35,1,0.223523,0
35,2,0.000000,1
35,3,0.174290,0
35,4,0.201440,0
35,5,0.030465,1
35,6,0.000000,1
35,7,0.000000,1
35,1,0.223523,0
35,2,0.000000,1
35,3,0.174290,0
35,4,0.201440,0
35,5,0.030465,1
35,6,0.000000,1
35,7,0.000000,1
36,1,0.223523,0
36,2,0.000000,1
36,3,0.174290,0
36,4,0.201440,0
36,5,0.030465,1
36,6,0.000000,1
36,7,0.000000,1
36,1,0.223523,0
36,2,0.000000,1
36,3,0.174290,0
36,4,0.201440,0
36,5,0.030465,1
36,6,0.000000,1
36,7,0.000000,1
36,1,0.223523,0
36,2,0.000000,1
36,3,0.174290,0
36,4,0.201440,0
36,5,0.030465,1
36,6,0.000000,1
36,7,0.000000,1
36,1,0.223523,0
36,2,0.000000,1
36,3,0.174290,0
36,4,0.201440,0
36,5,0.030465,1
36,6,0.000000,1
36,7,0.000000,1
37,1,0.223523,0
37,2,0.000000,1
37,3,0.174290,0
37,4,0.201440,0
37,5,0.030465,1
37,6,0.000000,1
37,7,0.000000,1
37,1,0.223523,0
37,2,0.000000,1
37,3,0.174290,0
37,4,0.201440,0
37,5,0.030465,1
37,6,0.000000,1
37,7,0.000000,1
37,1,0.223523,0
37,2,0.000000,1
37,3,0.174290,0
37,4,0.201440,0
37,5,0.030465,1
37,6,0.000000,1
37,7,0.000000,1
37,1,0.223523,0
37,2,0.000000,1
37,3,0.174290,0
37,4,0.201440,0
37,5,0.030465,1
37,6,0.000000,1
37,7,0.000000,1
38,1,0.223523,0
38,2,0.000000,1
38,3,0.174290,0
38,4,0.201440,0
38,5,0.030465,1
38,6,0.000000,1
38,7,0.000000,1
38,1,0.223523,0
38,2,0.000000,1
38,3,0.174290,0
38,4,0.201440,0
38,5,0.030465,1
38,6,0.000000,1
38,7,0.000000,1
38,1,0.223523,0
38,2,0.000000,1
38,3,0.174290,0
38,4,0.201440,0
38,5,0.030465,1
38,6,0.000000,1
38,7,0.000000,1
38,1,0.223523,0
38,2,0.000000,1
38,3,0.174290,0
38,4,0.201440,0
38,5,0.030465,1
38,6,0.000000,1
38,7,0.000000,1
39,1,0.223523,0
39,2,0.000000,1
39,3,0.174290,0
39,4,0.201440,0
39,5,0.030465,1
39,6,0.000000,1
39,7,0.000000,1
39,1,0.223523,0
39,2,0.000000,1
39,3,0.174290,0
39,4,0.201440,0
39,5,0.030465,1
39,6,0.000000,1
39,7,0.000000,1
39,1,0.223523,0
39,2,0.000000,1
39,3,0.174290,0
39,4,0.201440,0
39,5,0.030465,1
39,6,0.000000,1
39,7,0.000000,1
39,1,0.223523,0
39,2,0.000000,1
39,3,0.174290,0
39,4,0.201440,0
39,5,0.030465,1
39,6,0.000000,1
39,7,0.000000,1
40,1,0.223523,0
40,2,0.000000,1
40,3,0.174290,0
40,4,0.201440,0
40,5,0.030465,1
40,6,0.000000,1
40,7,0.000000,1
40,1,0.223523,0
40,2,0.000000,1
40,3,0.174290,0
40,4,0.201440,0
40,5,0.030465,1
40,6,0.000000,1
40,7,0.000000,1
40,1,0.223523,0
40,2,0.000000,1
40,3,0.174290,0
40,4,0.201440,0
40,5,0.030465,1
40,6,0.000000,1
40,7,0.000000,1
40,1,0.223523,0
40,2,0.000000,1
40,3,0.174290,0
40,4,0.201440,0
40,5,0.030465,1
40,6,0.000000,1
40,7,0.000000,1
41,1,0.223523,0
41,2,0.000000,1
41,3,0.174290,0
41,4,0.201440,0
41,5,0.030465,1
41,6,0.000000,1
41,7,0.000000,1
41,1,0.223523,0
41,2,0.000000,1
41,3,0.174290,0
41,4,0.201440,0
41,5,0.030465,1
41,6,0.000000,1
41,7,0.000000,1
41,1,0.223523,0
41,2,0.000000,1
41,3,0.174290,0
41,4,0.201440,0
41,5,0.030465,1
41,6,0.000000,1
41,7,0.000000,1
41,1,0.223523,0
41,2,0.000000,1
41,3,0.174290,0
41,4,0.201440,0
41,5,0.030465,1
41,6,0.000000,1
41,7,0.000000,1
42,1,0.223523,0
42,2,0.000000,1
42,3,0.174290,0
42,4,0.201440,0
42,5,0.030465,1
42,6,0.000000,1
42,7,0.000000,1
42,1,0.223523,0
42,2,0.000000,1
42,3,0.174290,0
42,4,0.201440,0
42,5,0.030465,1
42,6,0.000000,1
42,7,0.000000,1
42,1,0.223523,0
42,2,0.000000,1
42,3,0.174290,0
42,4,0.201440,0
42,5,0.030465,1
42,6,0.000000,1
42,7,0.000000,1
42,1,0.223523,0
42,2,0.000000,1
42,3,0.174290,0
42,4,0.201440,0
42,5,0.030465,1
42,6,0.000000,1
42,7,0.000000,1
43,1,0.223523,0
43,2,0.000000,1
43,3,0.174290,0
43,4,0.201440,0
43,5,0.030465,1
43,6,0.000000,1
43,7,0.000000,1
43,1,0.223523,0
43,2,0.000000,1
43,3,0.174290,0
43,4,0.201440,0
43,5,0.030465,1
43,6,0.000000,1
43,7,0.000000,1
43,1,0.223523,0
43,2,0.000000,1
43,3,0.174290,0
43,4,0.201440,0
43,5,0.030465,1
43,6,0.000000,1
43,7,0.000000,1
43,1,0.223523,0
43,2,0.000000,1
43,3,0.174290,0
43,4,0.201440,0
43,5,0.030465,1
43,6,0.000000,1
43,7,0.000000,1
44,1,0.223523,0
44,2,0.000000,1
44,3,0.174290,0
44,4,0.201440,0
44,5,0.030465,1
44,6,0.000000,1
44,7,0.000000,1
44,1,0.223523,0
44,2,0.000000,1
44,3,0.174290,0
44,4,0.201440,0
44,5,0.030465,1
44,6,0.000000,1
44,7,0.000000,1
44,1,0.223523,0
44,2,0.000000,1
44,3,0.174290,0
44,4,0.201440,0
44,5,0.030465,1
44,6,0.000000,1
44,7,0.000000,1
44,1,0.223523,0
44,2,0.000000,1
44,3,0.174290,0
44,4,0.201440,0
44,5,0.030465,1
44,6,0.000000,1
44,7,0.000000,1
45,1,0.223523,0
45,2,0.000000,1
45,3,0.174290,0
45,4,0.201440,0
45,5,0.030465,1
45,6,0.000000,1
45,7,0.000000,1
45,1,0.223523,0
45,2,0.000000,1
45,3,0.174290,0
45,4,0.201440,0
45,5,0.030465,1
45,6,0.000000,1
45,7,0.000000,1
45,1,0.223523,0
45,2,0.000000,1
45,3,0.174290,0
45,4,0.201440,0
45,5,0.030465,1
45,6,0.000000,1
45,7,0.000000,1
45,1,0.223523,0
45,2,0.000000,1
45,3,0.174290,0
45,4,0.201440,0
45,5,0.030465,1
45,6,0.000000,1
45,7,0.000000,1
46,1,0.223523,0
46,2,0.000000,1
46,3,0.174290,0
46,4,0.201440,0
46,5,0.030465,1
46,6,0.000000,1
46,7,0.000000,1
46,1,0.223523,0
46,2,0.000000,1
46,3,0.174290,0
46,4,0.201440,0
46,5,0.030465,1
46,6,0.000000,1
46,7,0.000000,1
46,1,0.223523,0
46,2,0.000000,1
46,3,0.174290,0
46,4,0.201440,0
46,5,0.030465,1
46,6,0.000000,1
46,7,0.000000,1
46,1,0.223523,0
46,2,0.000000,1
46,3,0.174290,0
46,4,0.201440,0
46,5,0.030465,1
46,6,0.000000,1
46,7,0.000000,1
47,1,0.223523,0
47,2,0.000000,1
47,3,0.174290,0
47,4,0.201440,0
47,5,0.030465,1
47,6,0.000000,1
47,7,0.000000,1
47,1,0.223523,0
47,2,0.000000,1
47,3,0.174290,0
47,4,0.201440,0
47,5,0.030465,1
47,6,0.000000,1
47,7,0.000000,1
47,1,0.223523,0
47,2,0.000000,1
47,3,0.174290,0
47,4,0.201440,0
47,5,0.030465,1
47,6,0.000000,1
47,7,0.000000,1
47,1,0.223523,0
47,2,0.000000,1
47,3,0.174290,0
47,4,0.201440,0
47,5,0.030465,1
47,6,0.000000,1
47,7,0.000000,1
48,1,0.223523,0
48,2,0.000000,1
48,3,0.174290,0
48,4,0.201440,0
48,5,0.156918,0
48,6,0.000000,1
48,7,0.000000,1
48,1,0.223523,0
48,2,0.000000,1
48,3,0.174290,0
48,4,0.201440,0
48,5,0.156918,0
48,6,0.000000,1
48,7,0.000000,1
48,1,0.223523,0
48,2,0.000000,1
48,3,0.174290,0
48,4,0.201440,0
48,5,0.156918,0
48,6,0.000000,1
48,7,0.000000,1
48,1,0.223523,0
48,2,0.000000,1
48,3,0.174290,0
48,4,0.201440,0
48,5,0.156918,0
48,6,0.000000,1
48,7,0.000000,1
49,1,0.223523,0
49,2,0.000000,1
49,3,0.174290,0
49,4,0.201440,0
49,5,0.173106,0
49,6,0.000000,1
49,7,0.000000,1
49,1,0.223523,0
49,2,0.000000,1
49,3,0.174290,0
49,4,0.201440,0
49,5,0.173106,0
49,6,0.000000,1
49,7,0.000000,1
49,1,0.223523,0
49,2,0.000000,1
49,3,0.174290,0
49,4,0.201440,0
49,5,0.173106,0
49,6,0.000000,1
49,7,0.000000,1
49,1,0.223523,0
49,2,0.000000,1
49,3,0.174290,0
49,4,0.201440,0
49,5,0.173106,0
49,6,0.000000,1
49,7,0.000000,1
50,1,0.223523,0
50,2,0.000000,1
50,3,0.174290,0
50,4,0.201440,0
50,5,0.173106,0
50,6,0.000000,1
50,7,0.000000,1
50,1,0.223523,0
50,2,0.000000,1
50,3,0.174290,0
50,4,0.201440,0
50,5,0.173106,0
50,6,0.000000,1
50,7,0.000000,1
50,1,0.223523,0
50,2,0.000000,1
50,3,0.174290,0
50,4,0.201440,0
50,5,0.173106,0
50,6,0.000000,1
50,7,0.000000,1
50,1,0.223523,0
50,2,0.000000,1
50,3,0.174290,0
50,4,0.201440,0
50,5,0.173106,0
50,6,0.000000,1
50,7,0.000000,1
51,1,0.223523,0
51,2,0.000000,1
51,3,0.174290,0
51,4,0.201440,0
51,5,0.173106,0
51,6,0.000000,1
51,7,0.000000,1
51,1,0.223523,0
51,2,0.000000,1
51,3,0.174290,0
51,4,0.201440,0
51,5,0.173106,0
51,6,0.000000,1
51,7,0.000000,1
51,1,0.223523,0
51,2,0.000000,1
51,3,0.174290,0
51,4,0.201440,0
51,5,0.173106,0
51,6,0.000000,1
51,7,0.000000,1
51,1,0.223523,0
51,2,0.000000,1
51,3,0.174290,0
51,4,0.201440,0
51,5,0.173106,0
51,6,0.000000,1
51,7,0.000000,1
52,1,0.223523,0
52,2,0.000000,1
52,3,0.174290,0
52,4,0.201440,0
52,5,0.173106,0
52,6,0.000000,1
52,7,0.000000,1
52,1,0.223523,0
52,2,0.000000,1
52,3,0.174290,0
52,4,0.201440,0
52,5,0.173106,0
52,6,0.000000,1
52,7,0.000000,1
52,1,0.223523,0
52,2,0.000000,1
52,3,0.174290,0
52,4,0.201440,0
52,5,0.173106,0
52,6,0.000000,1
52,7,0.000000,1
52,1,0.223523,0
52,2,0.000000,1
52,3,0.174290,0
52,4,0.201440,0
52,5,0.173106,0
52,6,0.000000,1
52,7,0.000000,1
53,1,0.223523,0
53,2,0.000000,1
53,3,0.174290,0
53,4,0.201440,0
53,5,0.173106,0
53,6,0.000000,1
53,7,0.000000,1
53,1,0.223523,0
53,2,0.000000,1
53,3,0.174290,0
53,4,0.201440,0
53,5,0.173106,0
53,6,0.000000,1
53,7,0.000000,1
53,1,0.223523,0
53,2,0.000000,1
53,3,0.174290,0
53,4,0.201440,0
53,5,0.173106,0
53,6,0.000000,1
53,7,0.000000,1
53,1,0.223523,0
53,2,0.000000,1
53,3,0.174290,0
53,4,0.201440,0
53,5,0.173106,0
53,6,0.000000,1
53,7,0.000000,1
54,1,0.223523,0
54,2,0.000000,1
54,3,0.174290,0
54,4,0.201440,0
54,5,0.173106,0
54,6,0.000000,1
54,7,0.000000,1
54,1,0.223523,0
54,2,0.000000,1
54,3,0.174290,0
54,4,0.201440,0
54,5,0.173106,0
54,6,0.000000,1
54,7,0.000000,1
54,1,0.223523,0
54,2,0.000000,1
54,3,0.174290,0
54,4,0.201440,0
54,5,0.173106,0
54,6,0.000000,1
54,7,0.000000,1
54,1,0.223523,0
54,2,0.000000,1
54,3,0.174290,0
54,4,0.201440,0
54,5,0.173106,0
54,6,0.000000,1
54,7,0.000000,1
55,1,0.223523,0
55,2,0.000000,1
55,3,0.174290,0
55,4,0.201440,0
55,5,0.173106,0
55,6,0.000000,1
55,7,0.000000,1
55,1,0.223523,0
55,2,0.000000,1
55,3,0.174290,0
55,4,0.201440,0
55,5,0.173106,0
55,6,0.000000,1
55,7,0.000000,1
55,1,0.223523,0
55,2,0.000000,1
55,3,0.174290,0
55,4,0.201440,0
55,5,0.173106,0
55,6,0.000000,1
55,7,0.000000,1
55,1,0.223523,0
55,2,0.000000,1
55,3,0.174290,0
55,4,0.201440,0
55,5,0.173106,0
55,6,0.000000,1
55,7,0.000000,1
56,1,0.158203,0
56,2,0.000000,1
56,3,0.174290,0
56,4,0.201440,0
56,5,0.173106,0
56,6,0.000000,1
56,7,0.000000,1
56,1,0.158203,0
56,2,0.000000,1
56,3,0.174290,0
56,4,0.201440,0
56,5,0.173106,0
56,6,0.000000,1
56,7,0.000000,1
56,1,0.158203,0
56,2,0.000000,1
56,3,0.174290,0
56,4,0.201440,0
56,5,0.173106,0
56,6,0.000000,1
56,7,0.000000,1
56,1,0.158203,0
56,2,0.000000,1
56,3,0.174290,0
56,4,0.201440,0
56,5,0.173106,0
56,6,0.000000,1
56,7,0.000000,1
57,1,0.158203,0
57,2,0.000000,1
57,3,0.174290,0
57,4,0.201440,0
57,5,0.173106,0
57,6,0.000000,1
57,7,0.000000,1
57,1,0.158203,0
57,2,0.000000,1
57,3,0.174290,0
57,4,0.201440,0
57,5,0.173106,0
57,6,0.000000,1
57,7,0.000000,1
57,1,0.158203,0
57,2,0.000000,1
57,3,0.174290,0
57,4,0.201440,0
57,5,0.173106,0
57,6,0.000000,1
57,7,0.000000,1
57,1,0.158203,0
57,2,0.000000,1
57,3,0.174290,0
57,4,0.201440,0
57,5,0.173106,0
57,6,0.000000,1
57,7,0.000000,1
58,1,0.158203,0
58,2,0.000000,1
58,3,0.174290,0
58,4,0.201440,0
58,5,0.173106,0
58,6,0.000000,1
58,7,0.000000,1
58,1,0.158203,0
58,2,0.000000,1
58,3,0.174290,0
58,4,0.201440,0
58,5,0.173106,0
58,6,0.000000,1
58,7,0.000000,1
58,1,0.158203,0
58,2,0.000000,1
58,3,0.174290,0
58,4,0.201440,0
58,5,0.173106,0
58,6,0.000000,1
58,7,0.000000,1
58,1,0.158203,0
58,2,0.000000,1
58,3,0.174290,0
58,4,0.201440,0
58,5,0.173106,0
58,6,0.000000,1
58,7,0.000000,1
59,1,0.158203,0
59,2,0.000000,1
59,3,0.174290,0
59,4,0.201440,0
59,5,0.173106,0
59,6,0.000000,1
59,7,0.000000,1
59,1,0.158203,0
59,2,0.000000,1
59,3,0.174290,0
59,4,0.201440,0
59,5,0.173106,0
59,6,0.000000,1
59,7,0.000000,1
59,1,0.158203,0
59,2,0.000000,1
59,3,0.174290,0
59,4,0.201440,0
59,5,0.173106,0
59,6,0.000000,1
59,7,0.000000,1
59,1,0.158203,0
59,2,0.000000,1
59,3,0.174290,0
59,4,0.201440,0
59,5,0.173106,0
59,6,0.000000,1
59,7,0.000000,1
60,1,0.158203,0
60,2,0.000000,1
60,3,0.174290,0
60,4,0.201440,0
60,5,0.173106,0
60,6,0.000000,1
60,7,0.000000,1
60,1,0.158203,0
60,2,0.000000,1
60,3,0.174290,0
60,4,0.201440,0
60,5,0.173106,0
60,6,0.000000,1
60,7,0.000000,1
60,1,0.158203,0
60,2,0.000000,1
60,3,0.174290,0
60,4,0.201440,0
60,5,0.173106,0
60,6,0.000000,1
60,7,0.000000,1
60,1,0.158203,0
60,2,0.000000,1
60,3,0.174290,0
60,4,0.201440,0
60,5,0.173106,0
60,6,0.000000,1
60,7,0.000000,1
61,1,0.158203,0
61,2,0.000000,1
61,3,0.174290,0
61,4,0.201440,0
61,5,0.173106,0
61,6,0.000000,1
61,7,0.000000,1
61,1,0.158203,0
61,2,0.000000,1
61,3,0.174290,0
61,4,0.201440,0
61,5,0.173106,0
61,6,0.000000,1
61,7,0.000000,1
61,1,0.158203,0
61,2,0.000000,1
61,3,0.174290,0
61,4,0.201440,0
61,5,0.173106,0
61,6,0.000000,1
61,7,0.000000,1
61,1,0.158203,0
61,2,0.000000,1
61,3,0.174290,0
61,4,0.201440,0
61,5,0.173106,0
61,6,0.000000,1
61,7,0.000000,1
62,1,0.158203,0
62,2,0.000000,1
62,3,0.174290,0
62,4,0.201440,0
62,5,0.173106,0
62,6,0.000000,1
62,7,0.000000,1
62,1,0.158203,0
62,2,0.000000,1
62,3,0.174290,0
62,4,0.201440,0
62,5,0.173106,0
62,6,0.000000,1
62,7,0.000000,1
62,1,0.158203,0
62,2,0.000000,1
62,3,0.174290,0
62,4,0.201440,0
62,5,0.173106,0
62,6,0.000000,1
62,7,0.000000,1
62,1,0.158203,0
62,2,0.000000,1
62,3,0.174290,0
62,4,0.201440,0
62,5,0.173106,0
62,6,0.000000,1
62,7,0.000000,1
63,1,0.158203,0
63,2,0.000000,1
63,3,0.174290,0
63,4,0.201440,0
63,5,0.173106,0
63,6,0.000000,1
63,7,0.000000,1
63,1,0.158203,0
63,2,0.000000,1
63,3,0.174290,0
63,4,0.201440,0
63,5,0.173106,0
63,6,0.000000,1
63,7,0.000000,1
63,1,0.158203,0
63,2,0.000000,1
63,3,0.174290,0
63,4,0.201440,0
63,5,0.173106,0
63,6,0.000000,1
63,7,0.000000,1
63,1,0.158203,0
63,2,0.000000,1
63,3,0.174290,0
63,4,0.201440,0
63,5,0.173106,0
63,6,0.000000,1
63,7,0.000000,1
64,1,0.158203,0
64,2,0.000000,1
64,3,0.174290,0
64,4,0.201440,0
64,5,0.173106,0
64,6,0.000000,1
64,7,0.000000,1
64,1,0.158203,0
64,2,0.000000,1
64,3,0.174290,0
64,4,0.201440,0
64,5,0.173106,0
64,6,0.000000,1
64,7,0.000000,1
64,1,0.158203,0
64,2,0.000000,1
64,3,0.174290,0
64,4,0.201440,0
64,5,0.173106,0
64,6,0.000000,1
64,7,0.000000,1
64,1,0.158203,0
64,2,0.000000,1
64,3,0.174290,0
64,4,0.201440,0
64,5,0.173106,0
64,6,0.000000,1
64,7,0.000000,1
65,1,0.158203,0
65,2,0.083574,1
65,3,0.174290,0
65,4,0.201440,0
65,5,0.173106,0
65,6,0.000000,1
65,7,0.000000,1
65,1,0.158203,0
65,2,0.083574,1
65,3,0.174290,0
65,4,0.201440,0
65,5,0.173106,0
65,6,0.000000,1
65,7,0.000000,1
65,1,0.158203,0
65,2,0.083574,1
65,3,0.174290,0
65,4,0.201440,0
65,5,0.173106,0
65,6,0.000000,1
65,7,0.000000,1
65,1,0.158203,0
65,2,0.083574,1
65,3,0.174290,0
65,4,0.201440,0
65,5,0.173106,0
65,6,0.000000,1
65,7,0.000000,1
66,1,0.288200,0
66,2,0.083574,1
66,3,0.174290,0
66,4,0.201440,0
66,5,0.173106,0
66,6,0.000000,1
66,7,0.000000,1
66,1,0.288200,0
66,2,0.083574,1
66,3,0.174290,0
66,4,0.201440,0
66,5,0.173106,0
66,6,0.000000,1
66,7,0.000000,1
66,1,0.288200,0
66,2,0.083574,1
66,3,0.174290,0
66,4,0.201440,0
66,5,0.173106,0
66,6,0.000000,1
66,7,0.000000,1
66,1,0.288200,0
66,2,0.083574,1
66,3,0.174290,0
66,4,0.201440,0
66,5,0.173106,0
66,6,0.000000,1
66,7,0.000000,1
67,1,0.288200,0
67,2,0.083574,1
67,3,0.174290,0
67,4,0.201440,0
67,5,0.173106,0
67,6,0.000000,1
67,7,0.000000,1
67,1,0.288200,0
67,2,0.083574,1
67,3,0.174290,0
67,4,0.201440,0
67,5,0.173106,0
67,6,0.000000,1
67,7,0.000000,1
67,1,0.288200,0
67,2,0.083574,1
67,3,0.174290,0
67,4,0.201440,0
67,5,0.173106,0
67,6,0.000000,1
67,7,0.000000,1
67,1,0.288200,0
67,2,0.083574,1
67,3,0.174290,0
67,4,0.201440,0
67,5,0.173106,0
67,6,0.000000,1
67,7,0.000000,1
68,1,0.288200,0
68,2,0.083574,1
68,3,0.152474,0
68,4,0.201440,0
68,5,0.173106,0
68,6,0.000000,1
68,7,0.000000,1
68,1,0.288200,0
68,2,0.083574,1
68,3,0.152474,0
68,4,0.201440,0
68,5,0.173106,0
68,6,0.000000,1
68,7,0.000000,1
68,1,0.288200,0
68,2,0.083574,1
68,3,0.152474,0
68,4,0.201440,0
68,5,0.173106,0
68,6,0.000000,1
68,7,0.000000,1
68,1,0.288200,0
68,2,0.083574,1
68,3,0.152474,0
68,4,0.201440,0
68,5,0.173106,0
68,6,0.000000,1
68,7,0.000000,1
69,1,0.288200,0
69,2,0.083574,1
69,3,0.152474,0
69,4,0.201440,0
69,5,0.062065,1
69,6,0.000000,1
69,7,0.000000,1
69,1,0.288200,0
69,2,0.083574,1
69,3,0.152474,0
69,4,0.201440,0
69,5,0.062065,1
69,6,0.000000,1
69,7,0.000000,1
69,1,0.288200,0
69,2,0.083574,1
69,3,0.152474,0
69,4,0.201440,0
69,5,0.062065,1
69,6,0.000000,1
69,7,0.000000,1
69,1,0.288200,0
69,2,0.083574,1
69,3,0.152474,0
69,4,0.201440,0
69,5,0.062065,1
69,6,0.000000,1
69,7,0.000000,1
70,1,0.180112,0
70,2,0.083574,1
70,3,0.152474,0
70,4,0.201440,0
70,5,0.062065,1
70,6,0.000000,1
70,7,0.000000,1
70,1,0.180112,0
70,2,0.083574,1
70,3,0.152474,0
70,4,0.201440,0
70,5,0.062065,1
70,6,0.000000,1
70,7,0.000000,1
70,1,0.180112,0
70,2,0.083574,1
70,3,0.152474,0
70,4,0.201440,0
70,5,0.062065,1
70,6,0.000000,1
70,7,0.000000,1
70,1,0.180112,0
70,2,0.083574,1
70,3,0.152474,0
70,4,0.201440,0
70,5,0.062065,1
70,6,0.000000,1
70,7,0.000000,1
71,1,0.180112,0
71,2,0.083574,1
71,3,0.152474,0
71,4,0.209543,0
71,5,0.062065,1
71,6,0.000000,1
71,7,0.000000,1
71,1,0.180112,0
71,2,0.083574,1
71,3,0.152474,0
71,4,0.209543,0
71,5,0.062065,1
71,6,0.000000,1
71,7,0.000000,1
71,1,0.180112,0
71,2,0.083574,1
71,3,0.152474,0
71,4,0.209543,0
71,5,0.062065,1
71,6,0.000000,1
71,7,0.000000,1
71,1,0.180112,0
71,2,0.083574,1
71,3,0.152474,0
71,4,0.209543,0
71,5,0.062065,1
71,6,0.000000,1
71,7,0.000000,1
72,1,0.180112,0
72,2,0.083574,1
72,3,0.152474,0
72,4,0.209543,0
72,5,0.062065,1
72,6,0.000000,1
72,7,0.000000,1
72,1,0.180112,0
72,2,0.083574,1
72,3,0.152474,0
72,4,0.209543,0
72,5,0.062065,1
72,6,0.000000,1
72,7,0.000000,1
72,1,0.180112,0
72,2,0.083574,1
72,3,0.152474,0
72,4,0.209543,0
72,5,0.062065,1
72,6,0.000000,1
72,7,0.000000,1
72,1,0.180112,0
72,2,0.083574,1
72,3,0.152474,0
72,4,0.209543,0
72,5,0.062065,1
72,6,0.000000,1
72,7,0.000000,1
73,1,0.180112,0
73,2,0.083574,1
73,3,0.152474,0
73,4,0.209543,0
73,5,0.062065,1
73,6,0.000000,1
73,7,0.000000,1
73,1,0.180112,0
73,2,0.083574,1
73,3,0.152474,0
73,4,0.209543,0
73,5,0.062065,1
73,6,0.000000,1
73,7,0.000000,1
73,1,0.180112,0
73,2,0.083574,1
73,3,0.152474,0
73,4,0.209543,0
73,5,0.062065,1
73,6,0.000000,1
73,7,0.000000,1
73,1,0.180112,0
73,2,0.083574,1
73,3,0.152474,0
73,4,0.209543,0
73,5,0.062065,1
73,6,0.000000,1
73,7,0.000000,1
74,1,0.180112,0
74,2,0.083574,1
74,3,0.152474,0
74,4,0.209543,0
74,5,0.062065,1
74,6,0.000000,1
74,7,0.000000,1
74,1,0.180112,0
74,2,0.083574,1
74,3,0.152474,0
74,4,0.209543,0
74,5,0.062065,1
74,6,0.000000,1
74,7,0.000000,1
74,1,0.180112,0
74,2,0.083574,1
74,3,0.152474,0
74,4,0.209543,0
74,5,0.062065,1
74,6,0.000000,1
74,7,0.000000,1
74,1,0.180112,0
74,2,0.083574,1
74,3,0.152474,0
74,4,0.209543,0
74,5,0.062065,1
74,6,0.000000,1
74,7,0.000000,1
75,1,0.180112,0
75,2,0.083574,1
75,3,0.152474,0
75,4,0.209543,0
75,5,0.062065,1
75,6,0.000000,1
75,7,0.000000,1
75,1,0.180112,0
75,2,0.083574,1
75,3,0.152474,0
75,4,0.209543,0
75,5,0.062065,1
75,6,0.000000,1
75,7,0.000000,1
75,1,0.180112,0
75,2,0.083574,1
75,3,0.152474,0
75,4,0.209543,0
75,5,0.062065,1
75,6,0.000000,1
75,7,0.000000,1
75,1,0.180112,0
75,2,0.083574,1
75,3,0.152474,0
75,4,0.209543,0
75,5,0.062065,1
75,6,0.000000,1
75,7,0.000000,1
76,1,0.144850,1
76,2,0.083574,1
76,3,0.152474,0
76,4,0.209543,0
76,5,0.062065,1
76,6,0.000000,1
76,7,0.000000,1
76,1,0.144850,1
76,2,0.083574,1
76,3,0.152474,0
76,4,0.209543,0
76,5,0.062065,1
76,6,0.000000,1
76,7,0.000000,1
76,1,0.144850,1
76,2,0.083574,1
76,3,0.152474,0
76,4,0.209543,0
76,5,0.062065,1
76,6,0.000000,1
76,7,0.000000,1
76,1,0.144850,1
76,2,0.083574,1
76,3,0.152474,0
76,4,0.209543,0
76,5,0.062065,1
76,6,0.000000,1
76,7,0.000000,1
77,1,0.016272,1
77,2,0.083574,1
77,3,0.152474,0
77,4,0.209543,0
77,5,0.062065,1
77,6,0.000000,1
77,7,0.000000,1
77,1,0.016272,1
77,2,0.083574,1
77,3,0.152474,0
77,4,0.209543,0
77,5,0.062065,1
77,6,0.000000,1
77,7,0.000000,1
77,1,0.016272,1
77,2,0.083574,1
77,3,0.152474,0
77,4,0.209543,0
77,5,0.062065,1
77,6,0.000000,1
77,7,0.000000,1
77,1,0.016272,1
77,2,0.083574,1
77,3,0.152474,0
77,4,0.209543,0
77,5,0.062065,1
77,6,0.000000,1
77,7,0.000000,1
78,1,0.016272,1
78,2,0.083574,1
78,3,0.152474,0
78,4,0.209543,0
78,5,0.062065,1
78,6,0.000000,1
78,7,0.000000,1
78,1,0.016272,1
78,2,0.083574,1
78,3,0.152474,0
78,4,0.209543,0
78,5,0.062065,1
78,6,0.000000,1
78,7,0.000000,1
78,1,0.016272,1
78,2,0.083574,1
78,3,0.152474,0
78,4,0.209543,0
78,5,0.062065,1
78,6,0.000000,1
78,7,0.000000,1
78,1,0.016272,1
78,2,0.083574,1
78,3,0.152474,0
78,4,0.209543,0
78,5,0.062065,1
78,6,0.000000,1
78,7,0.000000,1
79,1,0.016272,1
79,2,0.083574,1
79,3,0.152474,0
79,4,0.209543,0
79,5,0.062065,1
79,6,0.000000,1
79,7,0.000000,1
79,1,0.016272,1
79,2,0.083574,1
79,3,0.152474,0
79,4,0.209543,0
79,5,0.062065,1
79,6,0.000000,1
79,7,0.000000,1
79,1,0.016272,1
79,2,0.083574,1
79,3,0.152474,0
79,4,0.209543,0
79,5,0.062065,1
79,6,0.000000,1
79,7,0.000000,1
79,1,0.016272,1
79,2,0.083574,1
79,3,0.152474,0
79,4,0.209543,0
79,5,0.062065,1
79,6,0.000000,1
79,7,0.000000,1
80,1,0.016272,1
80,2,0.083574,1
80,3,0.152474,0
80,4,0.044479,1
80,5,0.062065,1
80,6,0.000000,1
80,7,0.000000,1
80,1,0.016272,1
80,2,0.083574,1
80,3,0.152474,0
80,4,0.044479,1
80,5,0.062065,1
80,6,0.000000,1
80,7,0.000000,1
80,1,0.016272,1
80,2,0.083574,1
80,3,0.152474,0
80,4,0.044479,1
80,5,0.062065,1
80,6,0.000000,1
80,7,0.000000,1
80,1,0.016272,1
80,2,0.083574,1
80,3,0.152474,0
80,4,0.044479,1
80,5,0.062065,1
80,6,0.000000,1
80,7,0.000000,1
81,1,0.046265,1
81,2,0.083574,1
81,3,0.152474,0
81,4,0.044479,1
81,5,0.062065,1
81,6,0.000000,1
81,7,0.000000,1
81,1,0.046265,1
81,2,0.083574,1
81,3,0.152474,0
81,4,0.044479,1
81,5,0.062065,1
81,6,0.000000,1
81,7,0.000000,1
81,1,0.046265,1
81,2,0.083574,1
81,3,0.152474,0
81,4,0.044479,1
81,5,0.062065,1
81,6,0.000000,1
81,7,0.000000,1
81,1,0.046265,1
81,2,0.083574,1
81,3,0.152474,0
81,4,0.044479,1
81,5,0.062065,1
81,6,0.000000,1
81,7,0.000000,1
82,1,0.046265,1
82,2,0.083574,1
82,3,0.152474,0
82,4,0.044479,1
82,5,0.062065,1
82,6,0.000000,1
82,7,0.000000,1
82,1,0.046265,1
82,2,0.083574,1
82,3,0.152474,0
82,4,0.044479,1
82,5,0.062065,1
82,6,0.000000,1
82,7,0.000000,1
82,1,0.046265,1
82,2,0.083574,1
82,3,0.152474,0
82,4,0.044479,1
82,5,0.062065,1
82,6,0.000000,1
82,7,0.000000,1
82,1,0.046265,1
82,2,0.083574,1
82,3,0.152474,0
82,4,0.044479,1
82,5,0.062065,1
82,6,0.000000,1
82,7,0.000000,1
83,1,0.046265,1
83,2,0.083574,1
83,3,0.152474,0
83,4,0.159339,0
83,5,0.062065,1
83,6,0.000000,1
83,7,0.000000,1
83,1,0.046265,1
83,2,0.083574,1
83,3,0.152474,0
83,4,0.159339,0
83,5,0.062065,1
83,6,0.000000,1
83,7,0.000000,1
83,1,0.046265,1
83,2,0.083574,1
83,3,0.152474,0
83,4,0.159339,0
83,5,0.062065,1
83,6,0.000000,1
83,7,0.000000,1
83,1,0.046265,1
83,2,0.083574,1
83,3,0.152474,0
83,4,0.159339,0
83,5,0.062065,1
83,6,0.000000,1
83,7,0.000000,1
84,1,0.046265,1
84,2,0.083574,1
84,3,0.152474,0
84,4,0.159339,0
84,5,0.075687,1
84,6,0.000000,1
84,7,0.000000,1
84,1,0.046265,1
84,2,0.083574,1
84,3,0.152474,0
84,4,0.159339,0
84,5,0.075687,1
84,6,0.000000,1
84,7,0.000000,1
84,1,0.046265,1
84,2,0.083574,1
84,3,0.152474,0
84,4,0.159339,0
84,5,0.075687,1
84,6,0.000000,1
84,7,0.000000,1
84,1,0.046265,1
84,2,0.083574,1
84,3,0.152474,0
84,4,0.159339,0
84,5,0.075687,1
84,6,0.000000,1
84,7,0.000000,1
85,1,0.046265,1
85,2,0.054506,1
85,3,0.152474,0
85,4,0.159339,0
85,5,0.075687,1
85,6,0.000000,1
85,7,0.000000,1
85,1,0.046265,1
85,2,0.054506,1
85,3,0.152474,0
85,4,0.159339,0
85,5,0.075687,1
85,6,0.000000,1
85,7,0.000000,1
85,1,0.046265,1
85,2,0.054506,1
85,3,0.152474,0
85,4,0.159339,0
85,5,0.075687,1
85,6,0.000000,1
85,7,0.000000,1
85,1,0.046265,1
85,2,0.054506,1
85,3,0.152474,0
85,4,0.159339,0
85,5,0.075687,1
85,6,0.000000,1
85,7,0.000000,1
86,1,0.046265,1
86,2,0.054506,1
86,3,0.152474,0
86,4,0.159339,0
86,5,0.075687,1
86,6,0.000000,1
86,7,0.000000,1
86,1,0.046265,1
86,2,0.054506,1
86,3,0.152474,0
86,4,0.159339,0
86,5,0.075687,1
86,6,0.000000,1
86,7,0.000000,1
86,1,0.046265,1
86,2,0.054506,1
86,3,0.152474,0
86,4,0.159339,0
86,5,0.075687,1
86,6,0.000000,1
86,7,0.000000,1
86,1,0.046265,1
86,2,0.054506,1
86,3,0.152474,0
86,4,0.159339,0
86,5,0.075687,1
86,6,0.000000,1
86,7,0.000000,1
87,1,0.046265,1
87,2,0.054506,1
87,3,0.152474,0
87,4,0.159339,0
87,5,0.075687,1
87,6,0.000000,1
87,7,0.000000,1
87,1,0.046265,1
87,2,0.054506,1
87,3,0.152474,0
87,4,0.159339,0
87,5,0.075687,1
87,6,0.000000,1
87,7,0.000000,1
87,1,0.046265,1
87,2,0.054506,1
87,3,0.152474,0
87,4,0.159339,0
87,5,0.075687,1
87,6,0.000000,1
87,7,0.000000,1
87,1,0.046265,1
87,2,0.054506,1
87,3,0.152474,0
87,4,0.159339,0
87,5,0.075687,1
87,6,0.000000,1
87,7,0.000000,1
88,1,0.046265,1
88,2,0.054506,1
88,3,0.152474,0
88,4,0.159339,0
88,5,0.075687,1
88,6,0.000000,1
88,7,0.000000,1
88,1,0.046265,1
88,2,0.054506,1
88,3,0.152474,0
88,4,0.159339,0
88,5,0.075687,1
88,6,0.000000,1
88,7,0.000000,1
88,1,0.046265,1
88,2,0.054506,1
88,3,0.152474,0
88,4,0.159339,0
88,5,0.075687,1
88,6,0.000000,1
88,7,0.000000,1
88,1,0.046265,1
88,2,0.054506,1
88,3,0.152474,0
88,4,0.159339,0
88,5,0.075687,1
88,6,0.000000,1
88,7,0.000000,1
89,1,0.046265,1
89,2,0.054506,1
89,3,0.152474,0
89,4,0.123494,1
89,5,0.075687,1
89,6,0.000000,1
89,7,0.000000,1
89,1,0.046265,1
89,2,0.054506,1
89,3,0.152474,0
89,4,0.123494,1
89,5,0.075687,1
89,6,0.000000,1
89,7,0.000000,1
89,1,0.046265,1
89,2,0.054506,1
89,3,0.152474,0
89,4,0.123494,1
89,5,0.075687,1
89,6,0.000000,1
89,7,0.000000,1
89,1,0.046265,1
89,2,0.054506,1
89,3,0.152474,0
89,4,0.123494,1
89,5,0.075687,1
89,6,0.000000,1
89,7,0.000000,1
90,1,0.046265,1
90,2,0.054506,1
90,3,0.152474,0
90,4,0.123494,1
90,5,0.075687,1
90,6,0.000000,1
90,7,0.000000,1
90,1,0.046265,1
90,2,0.054506,1
90,3,0.152474,0
90,4,0.123494,1
90,5,0.075687,1
90,6,0.000000,1
90,7,0.000000,1
90,1,0.046265,1
90,2,0.054506,1
90,3,0.152474,0
90,4,0.123494,1
90,5,0.075687,1
90,6,0.000000,1
90,7,0.000000,1
90,1,0.046265,1
90,2,0.054506,1
90,3,0.152474,0
90,4,0.123494,1
90,5,0.075687,1
90,6,0.000000,1
90,7,0.000000,1
91,1,0.287096,0
91,2,0.054506,1
91,3,0.152474,0
91,4,0.123494,1
91,5,0.075687,1
91,6,0.000000,1
91,7,0.000000,1
91,1,0.287096,0
91,2,0.054506,1
91,3,0.152474,0
91,4,0.123494,1
91,5,0.075687,1
91,6,0.000000,1
91,7,0.000000,1
91,1,0.287096,0
91,2,0.054506,1
91,3,0.152474,0
91,4,0.123494,1
91,5,0.075687,1
91,6,0.000000,1
91,7,0.000000,1
91,1,0.287096,0
91,2,0.054506,1
91,3,0.152474,0
91,4,0.123494,1
91,5,0.075687,1
91,6,0.000000,1
91,7,0.000000,1
92,1,0.287096,0
92,2,0.054506,1
92,3,0.152474,0
92,4,0.123494,1
92,5,0.075687,1
92,6,0.000000,1
92,7,0.000000,1
92,1,0.287096,0
92,2,0.054506,1
92,3,0.152474,0
92,4,0.123494,1
92,5,0.075687,1
92,6,0.000000,1
92,7,0.000000,1
92,1,0.287096,0
92,2,0.054506,1
92,3,0.152474,0
92,4,0.123494,1
92,5,0.075687,1
92,6,0.000000,1
92,7,0.000000,1
92,1,0.287096,0
92,2,0.054506,1
92,3,0.152474,0
92,4,0.123494,1
92,5,0.075687,1
92,6,0.000000,1
92,7,0.000000,1
93,1,0.287096,0
93,2,0.054506,1
93,3,0.152474,0
93,4,0.123494,1
93,5,0.075687,1
93,6,0.000000,1
93,7,0.000000,1
93,1,0.287096,0
93,2,0.054506,1
93,3,0.152474,0
93,4,0.123494,1
93,5,0.075687,1
93,6,0.000000,1
93,7,0.000000,1
93,1,0.287096,0
93,2,0.054506,1
93,3,0.152474,0
93,4,0.123494,1
93,5,0.075687,1
93,6,0.000000,1
93,7,0.000000,1
93,1,0.287096,0
93,2,0.054506,1
93,3,0.152474,0
93,4,0.123494,1
93,5,0.075687,1
93,6,0.000000,1
93,7,0.000000,1
94,1,0.287096,0
94,2,0.054506,1
94,3,0.152474,0
94,4,0.123494,1
94,5,0.075687,1
94,6,0.000000,1
94,7,0.000000,1
94,1,0.287096,0
94,2,0.054506,1
94,3,0.152474,0
94,4,0.123494,1
94,5,0.075687,1
94,6,0.000000,1
94,7,0.000000,1
94,1,0.287096,0
94,2,0.054506,1
94,3,0.152474,0
94,4,0.123494,1
94,5,0.075687,1
94,6,0.000000,1
94,7,0.000000,1
94,1,0.287096,0
94,2,0.054506,1
94,3,0.152474,0
94,4,0.123494,1
94,5,0.075687,1
94,6,0.000000,1
94,7,0.000000,1
95,1,0.287096,0
95,2,0.054506,1
95,3,0.152474,0
95,4,0.123494,1
95,5,0.075687,1
95,6,0.000000,1
95,7,0.000000,1
95,1,0.287096,0
95,2,0.054506,1
95,3,0.152474,0
95,4,0.123494,1
95,5,0.075687,1
95,6,0.000000,1
95,7,0.000000,1
95,1,0.287096,0
95,2,0.054506,1
95,3,0.152474,0
95,4,0.123494,1
95,5,0.075687,1
95,6,0.000000,1
95,7,0.000000,1
95,1,0.287096,0
95,2,0.054506,1
95,3,0.152474,0
95,4,0.123494,1
95,5,0.075687,1
95,6,0.000000,1
95,7,0.000000,1
96,1,0.287096,0
96,2,0.054506,1
96,3,0.152474,0
96,4,0.123494,1
96,5,0.075687,1
96,6,0.000000,1
96,7,0.000000,1
96,1,0.287096,0
96,2,0.054506,1
96,3,0.152474,0
96,4,0.123494,1
96,5,0.075687,1
96,6,0.000000,1
96,7,0.000000,1
96,1,0.287096,0
96,2,0.054506,1
96,3,0.152474,0
96,4,0.123494,1
96,5,0.075687,1
96,6,0.000000,1
96,7,0.000000,1
96,1,0.287096,0
96,2,0.054506,1
96,3,0.152474,0
96,4,0.123494,1
96,5,0.075687,1
96,6,0.000000,1
96,7,0.000000,1
97,1,0.287096,0
97,2,0.054506,1
97,3,0.152474,0
97,4,0.123494,1
97,5,0.075687,1
97,6,0.000000,1
97,7,0.000000,1
97,1,0.287096,0
97,2,0.054506,1
97,3,0.152474,0
97,4,0.123494,1
97,5,0.075687,1
97,6,0.000000,1
97,7,0.000000,1
97,1,0.287096,0
97,2,0.054506,1
97,3,0.152474,0
97,4,0.123494,1
97,5,0.075687,1
97,6,0.000000,1
97,7,0.000000,1
97,1,0.287096,0
97,2,0.054506,1
97,3,0.152474,0
97,4,0.123494,1
97,5,0.075687,1
97,6,0.000000,1
97,7,0.000000,1
98,1,0.287096,0
98,2,0.054506,1
98,3,0.152474,0
98,4,0.123494,1
98,5,0.075687,1
98,6,0.000000,1
98,7,0.000000,1
98,1,0.287096,0
98,2,0.054506,1
98,3,0.152474,0
98,4,0.123494,1
98,5,0.075687,1
98,6,0.000000,1
98,7,0.000000,1
98,1,0.287096,0
98,2,0.054506,1
98,3,0.152474,0
98,4,0.123494,1
98,5,0.075687,1
98,6,0.000000,1
98,7,0.000000,1
98,1,0.287096,0
98,2,0.054506,1
98,3,0.152474,0
98,4,0.123494,1
98,5,0.075687,1
98,6,0.000000,1
98,7,0.000000,1
99,1,0.287096,0
99,2,0.043874,1
99,3,0.152474,0
99,4,0.123494,1
99,5,0.075687,1
99,6,0.000000,1
99,7,0.000000,1
99,1,0.287096,0
99,2,0.043874,1
99,3,0.152474,0
99,4,0.123494,1
99,5,0.075687,1
99,6,0.000000,1
99,7,0.000000,1
99,1,0.287096,0
99,2,0.043874,1
99,3,0.152474,0
99,4,0.123494,1
99,5,0.075687,1
99,6,0.000000,1
99,7,0.000000,1
99,1,0.287096,0
99,2,0.043874,1
99,3,0.152474,0
99,4,0.123494,1
99,5,0.075687,1
99,6,0.000000,1
99,7,0.000000,1
