generation,resource_type,initial_x_pos, initial_y_pos, final_x_pos, final_y_pos, distance, isCollected
0,1,-3.400000, 3.800000,-3.400487, 3.799927,0.009861,0
0,1,-6.200000, -6.400000,-6.738527, -8.528825,2.195906,1
0,1,0.600000, -7.300000,0.608038, -8.598727,1.298789,1
0,1,7.000000, 7.100000,8.016707, -8.578691,15.711624,1
0,1,4.300000, 2.300000,4.299244, 2.299858,0.009877,0
0,1,-7.800000, -0.200000,-7.816196, -3.115795,2.915857,0
0,1,4.200000, 8.900000,4.199234, 8.900082,0.009878,0
0,1,8.900000, 7.800000,8.899332, 7.800082,0.009871,0
0,1,0.500000, 6.500000,0.499472, 6.499930,0.009863,0
0,1,-6.200000, -4.000000,-6.281667, -4.440467,0.448081,0
0,1,2.900000, 5.300000,3.516919, 1.325692,4.021916,0
0,1,-1.900000, 7.600000,-2.915617, -8.527308,16.159258,1
0,1,4.000000, -2.000000,4.448750, -2.190034,0.487421,0
0,1,-4.400000, 0.300000,-4.766400, -8.528535,8.836140,1
0,1,5.000000, 6.400000,3.983534, -8.577145,15.011601,1
0,1,5.000000, 7.900000,4.152411, -8.591331,16.513100,1
0,1,-2.000000, -1.600000,-2.000424, -1.599938,0.009857,0
0,1,-0.400000, -4.700000,-0.400455, -4.699838,0.009859,0
0,1,3.500000, 2.900000,3.457385, 1.186388,1.714168,0
0,1,8.700000, 8.400000,8.699404, 8.400026,0.009865,0
0,1,-3.400000, 2.300000,-3.400632, 2.299952,0.009872,0
0,1,-1.300000, -3.300000,-1.375853, -8.525009,5.225569,1
0,1,6.700000, -5.000000,6.699618, -4.999969,0.009854,0
0,1,9.000000, 3.500000,8.738924, -8.576701,12.079527,1
0,1,6.200000, 6.300000,5.789782, -0.207125,6.520050,0
0,1,-8.600000, -3.200000,-8.745804, -8.524158,5.326162,1
0,1,3.100000, -0.800000,3.099643, -0.799955,0.009853,0
0,1,5.300000, -1.500000,5.299333, -1.499956,0.009872,0
0,1,-7.100000, 4.800000,-7.212059, -5.267356,10.067985,0
0,1,2.100000, 3.100000,1.629079, 2.923049,0.503163,0
0,2,-7.700000, 1.100000,-8.808296, -6.642366,7.821294,0
0,2,1.500000, -4.800000,1.798469, -4.760740,0.301198,0
0,2,8.500000, 4.900000,7.632512, 3.395166,1.736996,0
0,2,-0.900000, -6.400000,-0.899281, -6.399814,0.009958,0
0,2,-6.400000, 5.800000,-5.745665, 5.824518,0.654867,0
0,3,-9.400000, -4.300000,-9.399753, -4.300144,0.009948,0
0,3,-1.700000, 0.000000,-2.739124, 0.207603,1.059705,0
0,3,-0.500000, 7.600000,-0.473506, 7.594095,0.028914,0
0,3,7.700000, 6.100000,7.707768, 6.099180,0.012633,0
0,3,-7.500000, 8.200000,-5.995147, 8.473824,1.529594,0
0,4,-1.900000, 2.200000,-2.119538, 1.913346,0.361201,0
0,4,5.000000, -3.300000,4.861476, -3.139282,0.212402,0
0,4,7.000000, 9.200000,7.015230, 9.200381,0.018153,0
0,4,-4.600000, 2.600000,-4.513810, 2.628588,0.091349,0
0,4,7.598685, -2.991893,7.552251, -2.809704,0.188266,0
0,5,6.600000, -0.100000,6.574471, -0.094646,0.027859,0
0,5,-5.000000, 9.200000,-4.996415, 9.215734,0.018963,0
0,5,8.200000, 1.900000,8.442346, 1.766872,0.276678,0
0,5,-3.900000, 6.000000,-3.986982, 6.049024,0.100328,0
0,5,-9.200000, -0.200000,-9.201422, -0.200853,0.010066,0
1,1,-3.400578, 3.799927,-3.400463, 3.799848,0.000140,0
1,1,-6.738521, -8.528874,-6.738365, -8.529156,0.000329,1
1,1,0.607965, -8.598729,0.608222, -8.598470,0.000383,1
1,1,8.016725, -8.578613,8.017106, -8.578772,0.000429,1
1,1,4.299243, 2.299948,3.556047, -4.719816,7.058997,0
1,1,-7.816190, -3.115704,-7.816179, -3.115738,0.000036,0
1,1,4.199234, 8.899990,4.199227, 8.899911,0.000079,0
1,1,8.899240, 7.800082,8.899307, 7.800097,0.000068,0
1,1,0.499381, 6.499930,0.246905, -8.587546,15.089589,1
1,1,-6.281682, -4.440535,-6.410576, -4.404414,0.133859,0
1,1,3.516821, 1.322582,2.842542, -8.576556,9.922076,1
1,1,-2.915676, -8.527322,-2.915598, -8.527280,0.000089,1
1,1,4.448844, -2.190073,3.613294, -8.592004,6.456226,1
1,1,-4.766448, -8.528502,-4.766423, -8.528884,0.000382,1
1,1,3.983490, -8.577172,3.995242, -8.610193,0.035050,1
1,1,4.152369, -8.591393,4.159899, -8.598508,0.010360,1
1,1,-2.000516, -1.599938,-2.000416, -1.599913,0.000103,0
1,1,-0.400364, -4.699839,-0.483787, -6.608624,1.910608,0
1,1,3.457234, 1.183079,3.721649, -7.841496,9.028448,0
1,1,8.699404, 8.400116,8.699445, 8.400058,0.000071,0
1,1,-3.400538, 2.299951,-3.400699, 2.299971,0.000162,0
1,1,-1.375826, -8.525044,-1.375854, -8.524899,0.000148,1
1,1,6.699526, -4.999969,6.578609, -8.577933,3.580007,1
1,1,8.738953, -8.576735,8.739417, -8.577153,0.000625,1
1,1,5.785869, -0.207522,5.757814, -0.213910,0.028773,0
1,1,-8.745774, -8.524098,-8.746270, -8.524373,0.000567,1
1,1,3.099553, -0.799955,3.099589, -0.800010,0.000066,0
1,1,5.299241, -1.499956,5.299236, -1.500037,0.000081,0
1,1,-7.211943, -5.271163,-7.255373, -8.527494,3.256622,1
1,1,1.629099, 2.919869,1.502437, -8.597557,11.518122,1
1,2,-8.808402, -6.642849,-9.515111, -6.360346,0.761082,0
1,2,1.798853, -4.760549,1.027707, -4.809252,0.772682,0
1,2,7.632507, 3.394982,8.681287, 4.261935,1.360715,0
1,2,-0.899229, -6.399815,-1.041973, -6.114984,0.318598,0
1,2,-5.745671, 5.824530,-5.472616, 6.204763,0.468120,0
1,3,-9.399752, -4.300109,-9.452727, -3.992862,0.311781,0
1,3,-2.740245, 0.207840,-3.016923, 0.213710,0.276741,0
1,3,-0.473505, 7.594069,-0.476519, 7.592968,0.003209,0
1,3,7.707768, 6.099149,7.705244, 6.098735,0.002558,0
1,3,-5.995169, 8.473822,-5.996110, 8.473394,0.001041,0
1,4,-2.119578, 1.913280,-2.231887, 1.831387,0.138996,0
1,4,4.861455, -3.139261,4.453720, -2.853496,0.497905,0
1,4,7.015251, 9.200381,7.015968, 9.200394,0.000717,0
1,4,-4.513811, 2.628614,-4.516328, 2.630524,0.003160,0
1,4,7.552250, -2.809693,7.437798, -2.644518,0.200953,0
1,5,6.574509, -0.094620,7.187984, -0.128498,0.614409,0
1,5,-4.996398, 9.215723,-4.998363, 9.216426,0.002089,0
1,5,8.442354, 1.766880,8.598534, 1.868346,0.186245,0
1,5,-3.987234, 6.049098,-4.557000, 6.101429,0.572164,0
1,5,-9.201402, -0.200854,-9.271873, -0.762672,0.566221,0
2,1,-3.400555, 3.799848,-3.400358, 3.799875,0.000199,0
2,1,-6.738423, -8.529140,-6.738842, -8.528756,0.000588,1
2,1,0.608196, -8.598504,0.608181, -8.598550,0.000108,1
2,1,8.017169, -8.578784,8.017810, -8.579000,0.000681,1
2,1,3.556005, -4.722897,3.451646, -8.657216,3.935703,1
2,1,-7.816170, -3.115648,-7.816304, -3.115747,0.000167,0
2,1,4.199227, 8.899819,3.033812, -3.212748,12.168503,0
2,1,8.899218, 7.800097,8.899264, 7.800122,0.000053,0
2,1,0.246944, -8.587524,0.247024, -8.587736,0.000246,1
2,1,-6.410529, -4.404484,-6.931879, -4.658349,0.579874,0
2,1,2.842519, -8.576676,2.842820, -8.576329,0.000486,1
2,1,-2.915611, -8.527209,-2.915577, -8.527512,0.000304,1
2,1,3.613314, -8.591995,3.649868, -8.740431,0.152870,1
2,1,-4.766379, -8.528880,-4.766253, -8.528758,0.000176,1
2,1,3.995309, -8.610205,3.981222, -8.646613,0.039039,1
2,1,4.159915, -8.598464,4.160201, -8.599413,0.000991,1
2,1,-2.000507, -1.599914,-2.252248, -8.528288,6.932946,1
2,1,-0.483757, -6.612223,0.016815, -5.244936,1.456038,0
2,1,3.721692, -7.841416,3.612783, -8.556634,0.723462,1
2,1,8.699445, 8.400147,8.699462, 8.400058,0.000091,0
2,1,-3.400607, 2.299971,-3.400772, 2.299974,0.000165,0
2,1,-1.375921, -8.524939,-1.375795, -8.525010,0.000145,1
2,1,6.578742, -8.577987,6.578521, -8.577919,0.000231,1
2,1,8.739341, -8.577134,8.739209, -8.577329,0.000253,1
2,1,5.757835, -0.213823,5.757811, -0.213865,0.000049,0
2,1,-8.746212, -8.524252,-8.746073, -8.523959,0.000328,1
2,1,3.099497, -0.800010,3.665784, -1.108762,0.644987,0
2,1,5.299144, -1.500037,5.299258, -1.499990,0.000123,0
2,1,-7.255328, -8.527361,-7.254988, -8.527728,0.000523,1
2,1,1.502303, -8.597535,1.502468, -8.597566,0.000233,1
2,2,-9.515061, -6.360243,-7.953910, -8.527824,2.671255,1
2,2,1.025879, -4.809252,-8.976026, -4.653429,10.003119,0
2,2,8.681346, 4.261957,8.738064, 4.151860,0.123848,0
2,2,-1.042011, -6.114987,-0.773677, -8.591493,2.491000,1
2,2,-5.472612, 6.204822,-5.745274, 7.395112,1.221120,0
2,3,-9.452724, -3.992885,-9.418823, -3.900142,0.098745,0
2,3,-3.016918, 0.213732,-3.441933, -5.488429,5.717978,0
2,3,-0.476519, 7.592941,-0.479552, 7.591679,0.003285,0
2,3,7.705243, 6.098699,7.702697, 6.098565,0.002550,0
2,3,-5.996139, 8.473392,-5.996839, 8.472951,0.000828,0
2,4,-2.231884, 1.831367,-2.311501, 1.807166,0.083214,0
2,4,4.453683, -2.853465,2.192902, -2.227196,2.345921,0
2,4,7.015990, 9.200394,7.016634, 9.200567,0.000666,0
2,4,-4.516327, 2.630503,-4.517864, 2.631893,0.002072,0
2,4,7.437781, -2.644520,7.329709, -2.495905,0.183755,0
2,5,7.187982, -0.128495,7.967736, -0.006830,0.789189,0
2,5,-4.998346, 9.216428,-4.998705, 9.216062,0.000514,0
2,5,8.598530, 1.868362,8.692613, 1.889998,0.096539,0
2,5,-4.557023, 6.101431,-5.165652, 6.675238,0.836471,0
2,5,-9.271872, -0.762699,-9.251966, -1.172206,0.409991,0
3,1,-3.400452, 3.799874,-3.400327, 3.799881,0.000124,0
3,1,-6.738916, -8.528741,-6.738918, -8.528461,0.000280,1
3,1,0.608314, -8.598539,0.605918, -8.742553,0.144033,1
3,1,8.017683, -8.578977,8.017374, -8.578968,0.000342,1
3,1,3.451767, -8.657146,3.451791, -8.657087,0.000172,1
3,1,-7.816296, -3.115657,-7.369817, -8.529836,5.432557,1
3,1,3.033746, -3.215887,2.987914, -8.567516,5.351825,1
3,1,8.899173, 7.800122,8.899137, 7.800173,0.000062,0
3,1,0.246900, -8.587713,0.246674, -8.587365,0.000447,1
3,1,-6.931839, -4.658338,-7.017596, -4.640889,0.087514,0
3,1,2.842741, -8.576344,2.785432, -8.623090,0.073956,1
3,1,-2.915590, -8.527475,-2.915741, -8.526909,0.000586,1
3,1,3.649838, -8.740365,3.649963, -8.740731,0.000387,1
3,1,-4.766211, -8.528790,-4.766390, -8.528798,0.000202,1
3,1,3.981225, -8.646715,3.980950, -8.646707,0.000305,1
3,1,4.160223, -8.599442,4.160237, -8.599418,0.000170,1
3,1,-2.252219, -8.528349,-2.252242, -8.528048,0.000302,1
3,1,0.019870, -5.245245,-0.616032, 7.267066,12.528459,0
3,1,3.612823, -8.556571,3.612666, -8.556331,0.000287,1
3,1,8.699463, 8.400149,8.699515, 8.400264,0.000126,0
3,1,-3.400681, 2.299974,-3.917944, -8.503227,10.815578,1
3,1,-1.375846, -8.525035,-1.375629, -8.525320,0.000358,1
3,1,6.578454, -8.577891,6.578602, -8.577901,0.000149,1
3,1,8.739282, -8.577306,8.739485, -8.577371,0.000214,1
3,1,5.757834, -0.213777,5.757768, -0.213812,0.000075,0
3,1,-8.746121, -8.523935,-8.746346, -8.523672,0.000364,1
3,1,3.669200, -1.109719,0.548635, -8.573753,8.090101,1
3,1,5.299166, -1.499989,5.299185, -1.499941,0.000052,0
3,1,-7.255015, -8.527796,-7.219204, -8.650792,0.128104,1
3,1,1.502402, -8.597533,1.502239, -8.597855,0.000360,1
3,2,-7.953910, -8.527824,-7.953910, -8.527824,0.000000,1
3,2,-8.975698, -4.653680,-8.958817, -4.116014,0.537931,0
3,2,8.738085, 4.151863,8.774334, 4.161745,0.037572,0
3,2,-0.773677, -8.591493,-0.773677, -8.591493,0.000000,1
3,2,-5.745159, 7.395304,-3.880138, 7.832637,1.915610,0
3,3,-9.418819, -3.900146,-9.358926, -3.447712,0.456381,0
3,3,-3.441936, -5.491258,-3.386737, -8.868010,3.377203,1
3,3,-0.479552, 7.591653,-0.521731, 7.742599,0.156729,0
3,3,7.702697, 6.098527,9.499974, 6.058222,1.797729,0
3,3,-5.996859, 8.472949,-6.119628, 8.772673,0.323893,0
3,4,-2.311482, 1.807145,-2.336276, 1.756585,0.056312,0
3,4,2.192841, -2.227184,2.052207, -2.119536,0.177104,0
3,4,7.016656, 9.200567,7.096243, 9.194410,0.079825,0
3,4,-4.517867, 2.631867,-4.519437, 2.633853,0.002532,0
3,4,7.329731, -2.495893,7.229233, -2.362930,0.166671,0
3,5,7.967745, -0.006819,8.932797, -0.281875,1.003485,0
3,5,-4.998687, 9.216062,-4.985960, 9.249185,0.035484,0
3,5,8.692643, 1.890013,8.785293, 2.072939,0.205051,0
3,5,-5.165750, 6.675345,-5.473381, 7.745370,1.113368,0
3,5,-9.251941, -1.172216,-9.246265, -1.251398,0.079386,0
4,1,-3.400419, 3.799880,-3.400323, 3.799894,0.000097,0
4,1,-6.738954, -8.528488,-6.739128, -8.528643,0.000251,1
4,1,0.605787, -8.742555,0.605673, -8.742525,0.000170,1
4,1,8.017445, -8.578985,8.018207, -8.579185,0.000792,1
4,1,3.451825, -8.657100,3.451691, -8.656863,0.000272,1
4,1,-7.369894, -8.529873,-7.370070, -8.530499,0.000650,1
4,1,2.987798, -8.567460,2.987755, -8.567613,0.000218,1
4,1,8.899046, 7.800172,8.899091, 7.800187,0.000047,0
4,1,0.246742, -8.587390,0.246975, -8.587541,0.000279,1
4,1,-7.017641, -4.640855,-7.091498, -4.618921,0.077046,0
4,1,2.785378, -8.623043,2.785329, -8.622932,0.000127,1
4,1,-2.915787, -8.526885,-2.916254, -8.526986,0.000488,1
4,1,3.649883, -8.740735,3.650165, -8.740273,0.000547,1
4,1,-4.766361, -8.528730,-4.766014, -8.528869,0.000374,1
4,1,3.980982, -8.646678,3.980647, -8.646668,0.000335,1
4,1,4.160312, -8.599431,4.160392, -8.599486,0.000097,1
4,1,-2.252271, -8.527983,-2.251554, -8.528133,0.000740,1
4,1,-0.616028, 7.267090,-0.100829, 7.579109,0.602317,0
4,1,3.612646, -8.556402,3.612345, -8.556528,0.000326,1
4,1,8.699516, 8.400355,8.699667, 8.400079,0.000315,0
4,1,-3.917885, -8.503212,-3.917913, -8.502978,0.000235,1
4,1,-1.375647, -8.525358,-1.376032, -8.525458,0.000399,1
4,1,6.578632, -8.577883,6.578677, -8.577592,0.000294,1
4,1,8.739474, -8.577249,8.739840, -8.577404,0.000397,1
4,1,5.757792, -0.213724,5.757733, -0.213893,0.000179,0
4,1,-8.746321, -8.523616,-8.746698, -8.523855,0.000457,1
4,1,0.548619, -8.573810,0.548687, -8.573819,0.000134,1
4,1,5.299091, -1.499940,5.299161, -1.499983,0.000083,0
4,1,-7.219266, -8.650838,-7.219831, -8.651413,0.000806,1
4,1,1.502188, -8.597844,1.502386, -8.597889,0.000203,1
4,2,-7.953910, -8.527824,-7.953910, -8.527824,0.000000,1
4,2,-8.958804, -4.115989,-8.959565, -3.752627,0.363363,0
4,2,8.774300, 4.161739,8.802737, 4.178051,0.032784,0
4,2,-0.773677, -8.591493,-0.773677, -8.591493,0.000000,1
4,2,-3.880106, 7.832467,-4.060248, 7.117820,0.737002,0
4,3,-9.358964, -3.447595,-9.379720, -3.084645,0.363543,0
4,3,-3.386737, -8.868010,-3.386748, -8.868075,0.000067,1
4,3,-0.521751, 7.742591,-0.420115, 7.987661,0.265310,0
4,3,9.499971, 6.058235,9.499998, 6.039162,0.019074,0
4,3,-6.119606, 8.772632,-6.166654, 9.191047,0.421052,0
4,4,-2.336274, 1.756560,-3.220323, -7.155477,8.955778,0
4,4,2.052214, -2.119511,2.006777, -2.075593,0.063193,0
4,4,7.096247, 9.194432,7.178366, 9.191128,0.082185,0
4,4,-4.519436, 2.633883,-4.520565, 2.635747,0.002180,0
4,4,7.229214, -2.362935,7.122053, -2.230198,0.170595,0
4,5,8.932845, -0.281894,9.193155, -0.368040,0.274194,0
4,5,-4.985960, 9.249162,-5.004404, 9.288411,0.043368,0
4,5,8.785278, 2.072929,8.853529, 2.108115,0.076787,0
4,5,-5.473437, 7.745446,-5.254480, 8.049273,0.374503,0
4,5,-9.246286, -1.251398,-9.299387, -1.436663,0.192725,0
5,1,-3.400414, 3.799895,-3.368356, 3.577282,0.224909,0
5,1,-6.739248, -8.528628,-6.739050, -8.528805,0.000308,1
5,1,0.605692, -8.742446,0.606071, -8.742586,0.000415,1
5,1,8.018196, -8.579253,8.018918, -8.579258,0.000731,1
5,1,3.451758, -8.656830,3.451779, -8.656810,0.000114,1
5,1,-7.370097, -8.530438,-7.370002, -8.530493,0.000111,1
5,1,2.987723, -8.567619,2.987779, -8.567699,0.000110,1
5,1,8.899000, 7.800186,8.899023, 7.800215,0.000037,0
5,1,0.246987, -8.587483,0.247436, -8.587723,0.000523,1
5,1,-7.091496, -4.618942,-7.180562, -4.629886,0.089735,0
5,1,2.785371, -8.622878,2.785436, -8.623034,0.000205,1
5,1,-2.916215, -8.526974,-2.932870, -8.677968,0.151910,1
5,1,3.650099, -8.740301,3.650067, -8.740182,0.000165,1
5,1,-4.766123, -8.528790,-4.766250, -8.528502,0.000316,1
5,1,3.980632, -8.646649,3.980426, -8.646627,0.000208,1
5,1,4.160435, -8.599488,4.160338, -8.599419,0.000131,1
5,1,-2.251583, -8.528069,-2.251533, -8.527918,0.000161,1
5,1,-0.100854, 7.579041,-0.100891, 7.578306,0.000737,0
5,1,3.612370, -8.556479,3.612688, -8.556181,0.000460,1
5,1,8.699666, 8.400171,8.699621, 8.400029,0.000149,0
5,1,-3.917913, -8.502978,-3.925975, -8.547871,0.045611,1
5,1,-1.376067, -8.525401,-1.375622, -8.525640,0.000513,1
5,1,6.578695, -8.577527,6.578694, -8.577891,0.000374,1
5,1,8.739844, -8.577470,8.739770, -8.577336,0.000180,1
5,1,5.757760, -0.213808,5.757715, -0.213903,0.000105,0
5,1,-8.746743, -8.523834,-8.746634, -8.523688,0.000182,1
5,1,0.548626, -8.573807,0.548849, -8.573965,0.000274,1
5,1,5.299070, -1.499983,5.299080, -1.500021,0.000040,0
5,1,-7.219830, -8.651348,-7.219754, -8.651553,0.000219,1
5,1,1.502399, -8.597821,1.502222, -8.597757,0.000189,1
5,2,-7.953910, -8.527824,-7.953910, -8.527824,0.000000,1
5,2,-8.959411, -3.752666,-8.984405, -3.547521,0.206662,0
5,2,8.802737, 4.178051,8.816900, 4.206063,0.031389,0
5,2,-0.773677, -8.591493,-0.776025, -8.592684,0.002633,1
5,2,-4.060184, 7.117851,-5.216139, 7.633908,1.281256,0
5,3,-9.379753, -3.084640,-9.426816, -2.916755,0.174357,0
5,3,-3.386748, -8.868075,-3.390886, -9.064050,0.196018,1
5,3,-0.420098, 7.987635,-0.423191, 7.985836,0.003578,0
5,3,9.499982, 6.039155,9.500119, 6.023820,0.015336,0
5,3,-6.166621, 9.191060,-6.208489, 9.199718,0.042754,0
5,4,-3.220339, -7.156948,-3.322749, -8.103529,0.952105,0
5,4,2.006755, -2.075590,1.693758, -1.775478,0.433630,0
5,4,7.178368, 9.191098,7.264626, 9.184090,0.086542,0
5,4,-4.520564, 2.635791,-4.521795, 2.637416,0.002039,0
5,4,7.121978, -2.230096,7.008132, -2.089333,0.181038,0
5,5,9.193173, -0.368074,9.277672, -0.489828,0.148203,0
5,5,-5.004429, 9.288384,-5.059228, 9.240656,0.072671,0
5,5,8.853571, 2.108165,8.875321, 2.151073,0.048106,0
5,5,-5.254464, 8.049349,-5.493332, 8.053142,0.238898,0
5,5,-9.299361, -1.436741,-9.299972, -1.736335,0.299595,0
6,1,-3.368126, 3.574737,-1.648243, 0.615494,3.422735,0
6,1,-6.739120, -8.528794,-6.739172, -8.529088,0.000301,1
6,1,0.606054, -8.742513,0.606042, -8.742258,0.000269,1
6,1,8.018841, -8.579249,8.019307, -8.579020,0.000521,1
6,1,3.451718, -8.656847,3.451211, -8.656796,0.000512,1
6,1,-7.370121, -8.530558,-7.150240, -8.574722,0.224273,1
6,1,2.987719, -8.567789,2.988042, -8.567543,0.000407,1
6,1,8.898932, 7.800213,8.898936, 7.800185,0.000028,0
6,1,0.247379, -8.587712,0.247537, -8.587969,0.000301,1
6,1,-7.180556, -4.629886,-7.241305, -4.609506,0.064076,0
6,1,2.785390, -8.622994,2.785356, -8.623086,0.000156,1
6,1,-2.932861, -8.678078,-2.917875, -8.977339,0.299636,1
6,1,3.650102, -8.740201,3.650115, -8.739280,0.000931,1
6,1,-4.766217, -8.528465,-4.766062, -8.528991,0.000554,1
6,1,3.980383, -8.646646,3.979867, -8.646470,0.000547,1
6,1,4.160384, -8.599396,4.160308, -8.599602,0.000246,1
6,1,-2.251577, -8.527929,-2.251145, -8.528415,0.000661,1
6,1,-0.100926, 7.578222,-0.101045, 7.576848,0.001379,0
6,1,3.612633, -8.556298,3.612238, -8.556015,0.000487,1
6,1,8.699621, 8.400120,8.699627, 8.400068,0.000052,0
6,1,-3.926013, -8.547891,-3.980007, -8.560554,0.055458,1
6,1,-1.375606, -8.525608,-1.375880, -8.525621,0.000274,1
6,1,6.578717, -8.577823,6.578988, -8.578072,0.000388,1
6,1,8.739763, -8.577473,8.739897, -8.576957,0.000535,1
6,1,5.757744, -0.213817,5.757660, -0.213963,0.000168,0
6,1,-8.746569, -8.523716,-8.814279, -8.647052,0.140700,1
6,1,0.548780, -8.573956,0.548558, -8.573771,0.000305,1
6,1,5.298989, -1.500022,5.299090, -1.499937,0.000132,0
6,1,-7.219751, -8.651612,-7.164316, -8.724413,0.091504,1
6,1,1.502213, -8.597816,1.502149, -8.598281,0.000469,1
6,2,-7.953910, -8.527824,-7.542806, -8.540718,0.411306,1
6,2,-8.984403, -3.547570,-8.982036, -3.608209,0.060685,0
6,2,8.816884, 4.206060,8.836443, 4.230041,0.030946,0
6,2,-0.776025, -8.592684,-0.788752, -8.596581,0.013311,1
6,2,-5.216192, 7.633883,-5.672511, 8.151144,0.690068,0
6,3,-9.426857, -2.916797,-9.416816, -2.986741,0.070661,0
6,3,-3.390892, -9.064066,-3.404564, -9.303784,0.240108,1
6,3,-0.423182, 7.985811,-0.426196, 7.983439,0.003836,0
6,3,9.500023, 6.023835,9.499988, 5.916806,0.107029,0
6,3,-6.208471, 9.199670,-6.446933, 9.271081,0.248925,0
6,4,-3.322756, -8.103530,-3.383929, -8.396171,0.298966,1
6,4,1.693732, -1.775456,-0.971436, -0.123380,3.135678,0
6,4,7.264649, 9.184052,7.541289, 9.126217,0.282620,0
6,4,-4.521796, 2.637373,-4.484403, 2.663047,0.045358,0
6,4,7.008155, -2.089314,6.591261, -1.361153,0.839059,0
6,5,9.277676, -0.489833,8.209311, -0.650118,1.080715,0
6,5,-5.059230, 9.240655,-5.278189, 9.173349,0.229070,0
6,5,8.875345, 2.151079,8.890485, 2.183023,0.035351,0
6,5,-5.493334, 8.053144,-6.022122, 8.120891,0.533110,0
6,5,-9.299972, -1.736347,-9.232302, -1.837567,0.121757,0
7,1,-1.644661, 0.615472,-1.690022, -8.531398,9.146983,1
7,1,-6.739205, -8.529087,-6.739651, -8.529027,0.000466,1
7,1,0.606113, -8.742261,0.605902, -8.742061,0.000292,1
7,1,8.019297, -8.579081,8.019433, -8.578822,0.000299,1
7,1,3.451150, -8.656835,3.451067, -8.656753,0.000160,1
7,1,-7.150291, -8.574713,-7.150302, -8.574448,0.000277,1
7,1,2.987983, -8.567509,2.988382, -8.567409,0.000427,1
7,1,8.898846, 7.800184,8.898877, 7.800066,0.000122,0
7,1,0.247529, -8.588040,0.247489, -8.588127,0.000147,1
7,1,-7.241256, -4.609482,-7.301404, -4.557807,0.079297,0
7,1,2.785403, -8.623125,2.785282, -8.623421,0.000320,1
7,1,-2.917875, -8.977443,-2.898876, -9.116586,0.140434,1
7,1,3.650137, -8.739330,3.650649, -8.739413,0.000518,1
7,1,-4.766044, -8.528951,-4.765905, -8.528740,0.000267,1
7,1,3.979795, -8.646473,3.979800, -8.646744,0.000294,1
7,1,4.160292, -8.599648,4.160102, -8.599552,0.000231,1
7,1,-2.251164, -8.528358,-2.250878, -8.528607,0.000392,1
7,1,-0.101081, 7.576764,-0.101031, 7.575521,0.001244,0
7,1,3.612213, -8.556069,3.612149, -8.556014,0.000085,1
7,1,8.699628, 8.400159,8.699622, 8.400072,0.000087,0
7,1,-3.980034, -8.560566,-4.031444, -8.561668,0.051422,1
7,1,-1.375923, -8.525609,-1.375708, -8.525253,0.000426,1
7,1,6.579031, -8.578011,6.578906, -8.577858,0.000215,1
7,1,8.739897, -8.577015,8.740314, -8.577093,0.000425,1
7,1,5.757692, -0.213877,5.757684, -0.213827,0.000051,0
7,1,-8.814233, -8.647053,-8.813838, -8.647182,0.000445,1
7,1,0.548573, -8.573701,0.548804, -8.573614,0.000247,1
7,1,5.299000, -1.499937,5.299148, -1.499971,0.000152,0
7,1,-7.164313, -8.724378,-7.164273, -8.724267,0.000162,1
7,1,1.502143, -8.598348,1.502607, -8.598403,0.000478,1
7,2,-7.542806, -8.540718,-7.542862, -8.540593,0.000137,1
7,2,-8.982035, -3.608214,-8.999475, -3.804086,0.196647,0
7,2,8.836460, 4.230041,8.498609, 5.466879,1.282152,0
7,2,-0.788752, -8.596581,-0.788752, -8.596581,0.000000,1
7,2,-5.672908, 8.151163,-6.057036, 8.418889,0.471166,0
7,3,-9.416758, -2.986723,-9.365304, -3.057331,0.087367,0
7,3,-3.404565, -9.303819,-3.445191, -9.408872,0.112635,1
7,3,-0.426182, 7.983406,-0.429048, 7.981263,0.003578,0
7,3,9.500196, 5.916788,9.433257, 6.157358,0.249709,0
7,3,-6.446954, 9.271120,-6.517533, 9.359701,0.113261,0
7,4,-3.383917, -8.396192,-3.395638, -8.492469,0.096988,1
7,4,-0.971487, -0.123332,-2.629586, 1.373204,2.233587,0
7,4,7.541307, 9.126243,8.186465, 9.202097,0.649602,0
7,4,-4.484405, 2.663012,-6.418312, 3.116300,1.986319,0
7,4,6.591207, -1.360954,6.825952, -1.679689,0.395850,0
7,5,8.208533, -0.649522,7.591920, -0.331935,0.694216,0
7,5,-5.278186, 9.173328,-5.368920, 9.150793,0.093491,0
7,5,8.890458, 2.182979,8.890721, 2.213627,0.030649,0
7,5,-6.022150, 8.120886,-6.423417, 8.173131,0.404654,0
7,5,-9.232302, -1.837565,-9.227423, -1.880491,0.043204,0
8,1,-1.690086, -8.531418,-1.689611, -8.531504,0.000483,1
8,1,-6.739714, -8.529014,-6.740254, -8.529251,0.000590,1
8,1,0.605942, -8.742066,0.605266, -8.742197,0.000702,1
8,1,8.019543, -8.578835,8.019650, -8.578683,0.000228,1
8,1,3.451014, -8.656782,3.451135, -8.657116,0.000355,1
8,1,-7.150339, -8.574482,-7.150047, -8.574572,0.000305,1
8,1,2.988404, -8.567351,2.988824, -8.567563,0.000470,1
8,1,8.898786, 7.800066,8.898815, 7.800048,0.000035,0
8,1,0.247480, -8.588198,0.248102, -8.587642,0.000843,1
8,1,-7.301357, -4.557744,-7.368366, -4.512324,0.080951,0
8,1,2.785279, -8.623417,2.785190, -8.623796,0.000389,1
8,1,-2.898900, -9.116521,-2.886938, -9.134623,0.021697,1
8,1,3.650603, -8.739353,3.650348, -8.739001,0.000440,1
8,1,-4.765941, -8.528720,-4.766116, -8.528663,0.000184,1
8,1,3.979869, -8.646738,3.980062, -8.647178,0.000481,1
8,1,4.160227, -8.599586,4.160348, -8.599164,0.000447,1
8,1,-2.250923, -8.528477,-2.250701, -8.528506,0.000227,1
8,1,-0.101068, 7.575438,-0.101042, 7.574338,0.001099,0
8,1,3.612138, -8.555972,3.612393, -8.556414,0.000510,1
8,1,8.699622, 8.400164,8.783126, 8.346837,0.099079,0
8,1,-4.031515, -8.561674,-4.031696, -8.561703,0.000220,1
8,1,-1.375667, -8.525383,-1.376286, -8.525296,0.000625,1
8,1,6.578836, -8.577839,6.579237, -8.577594,0.000486,1
8,1,8.740242, -8.577094,8.740784, -8.577323,0.000600,1
8,1,5.757719, -0.213742,5.757659, -0.213762,0.000063,0
8,1,-8.813915, -8.647182,-8.813848, -8.647233,0.000178,1
8,1,0.548939, -8.573633,0.548852, -8.573922,0.000311,1
8,1,5.299057, -1.499972,5.256725, -8.598704,7.098859,1
8,1,-7.164279, -8.724325,-7.164565, -8.724953,0.000690,1
8,1,1.502656, -8.598401,1.502293, -8.598574,0.000407,1
8,2,-7.542862, -8.540593,-7.542947, -8.540491,0.000133,1
8,2,-8.999598, -3.804231,-8.979775, -4.330144,0.526287,0
8,2,8.498614, 5.466904,9.413714, 5.399963,0.917545,0
8,2,-0.788752, -8.596581,-0.788752, -8.596581,0.000000,1
8,2,-6.057064, 8.418944,-6.103883, 8.451427,0.057154,0
8,3,-9.365259, -3.057329,-9.380938, -3.169102,0.112867,0
8,3,-3.445191, -9.408872,-3.444872, -9.410755,0.001910,1
8,3,-0.429040, 7.981243,-0.431834, 7.979257,0.003429,0
8,3,9.433223, 6.157351,9.433311, 6.158056,0.000710,0
8,3,-6.517526, 9.359669,-6.507864, 9.388384,0.030297,0
8,4,-3.395638, -8.492469,-3.345540, -8.508224,0.052517,1
8,4,-2.629600, 1.373205,-2.592058, 1.320193,0.064959,0
8,4,8.186627, 9.202241,8.901511, 9.244907,0.716156,0
8,4,-6.419267, 3.116782,-5.157984, 1.559287,2.004152,0
8,4,6.825953, -1.679698,6.894508, -1.446919,0.242663,0
8,5,7.591912, -0.331917,7.490705, -0.121393,0.233587,0
8,5,-5.368920, 9.150770,-5.365749, 9.164277,0.013876,0
8,5,8.890729, 2.213645,8.910505, 2.222461,0.021653,0
8,5,-6.423400, 8.173117,-6.476988, 8.213684,0.067211,0
8,5,-9.227377, -1.880494,-9.240552, -1.824543,0.057482,0
9,1,-1.689623, -8.531454,-1.689895, -8.531879,0.000505,1
9,1,-6.740245, -8.529176,-6.740227, -8.529197,0.000099,1
9,1,0.605269, -8.742127,0.605353, -8.742826,0.000713,1
9,1,8.019716, -8.578695,7.918122, -8.331818,0.266964,1
9,1,3.451092, -8.657109,3.451040, -8.656901,0.000245,1
9,1,-7.150072, -8.574644,-7.150197, -8.574377,0.000314,1
9,1,2.988799, -8.567628,2.988922, -8.568015,0.000406,1
9,1,8.898725, 7.800048,9.075157, 7.480502,0.365019,0
9,1,0.248035, -8.587632,0.248156, -8.587855,0.000254,1
9,1,-7.368367, -4.512304,-7.427299, -4.491220,0.062591,0
9,1,2.785190, -8.623754,2.785354, -8.624002,0.000340,1
9,1,-2.886948, -9.134577,-2.873474, -9.155542,0.024922,1
9,1,3.650366, -8.738953,3.650561, -8.739561,0.000651,1
9,1,-4.766159, -8.528666,-4.766701, -8.528908,0.000594,1
9,1,3.980072, -8.647042,3.980239, -8.647230,0.000253,1
9,1,4.160338, -8.599197,4.160485, -8.598927,0.000315,1
9,1,-2.250725, -8.528447,-2.250776, -8.528501,0.000074,1
9,1,-0.101082, 7.574256,-0.101188, 7.573281,0.000981,0
9,1,3.612454, -8.556441,3.612834, -8.556432,0.000387,1
9,1,8.783053, 8.346780,6.050876, -3.367040,12.028232,0
9,1,-4.031620, -8.561674,-4.054549, -8.656287,0.097352,1
9,1,-1.376311, -8.525244,-1.376269, -8.525102,0.000188,1
9,1,6.579213, -8.577658,6.579036, -8.577519,0.000229,1
9,1,8.740707, -8.577297,8.740784, -8.577250,0.000112,1
9,1,5.757697, -0.213678,5.757514, -0.213664,0.000184,0
9,1,-8.813773, -8.647240,-8.813753, -8.647468,0.000229,1
9,1,0.548852, -8.573882,0.549018, -8.574022,0.000237,1
9,1,5.256676, -8.598698,5.256185, -8.598913,0.000543,1
9,1,-7.164559, -8.724881,-7.165111, -8.724769,0.000564,1
9,1,1.502265, -8.598602,1.502221, -8.598640,0.000109,1
9,2,-7.542947, -8.540491,-7.543272, -8.540181,0.000449,1
9,2,-8.980158, -4.330087,-9.276525, -4.305949,0.297348,0
9,2,9.413709, 5.399905,9.649965, 4.924815,0.530591,0
9,2,-0.788752, -8.596581,-0.788752, -8.596581,0.000000,1
9,2,-6.104152, 8.451468,-6.207154, 8.523399,0.131451,0
9,3,-9.381010, -3.169135,-9.357820, -3.062221,0.109401,0
9,3,-3.444873, -9.410757,-3.440587, -9.490746,0.080104,1
9,3,-0.431823, 7.979230,-0.434728, 7.977459,0.003403,0
9,3,9.433279, 6.158049,9.395425, 6.133285,0.045235,0
9,3,-6.507870, 9.388420,-6.280618, 9.499878,0.253113,0
9,4,-3.345538, -8.508227,-3.168221, -8.569571,0.187628,1
9,4,-2.592086, 1.320170,-2.360018, 1.088279,0.328068,0
9,4,8.901522, 9.244908,9.350768, 9.331858,0.457583,0
9,4,-5.157701, 1.559067,-5.390146, -4.696323,6.259707,0
9,4,6.894534, -1.446933,6.952965, -1.534357,0.105153,0
9,5,7.490695, -0.121395,7.434456, -0.066725,0.078432,0
9,5,-5.365721, 9.164263,-5.243663, 9.170479,0.122216,0
9,5,8.910528, 2.222470,8.777025, 2.428820,0.245771,0
9,5,-6.477038, 8.213601,-6.585432, 8.329963,0.159026,0
9,5,-9.240590, -1.824544,-9.267887, -1.874256,0.056714,0
10,1,-1.689878, -8.531949,-1.689843, -8.532280,0.000351,1
10,1,-6.740300, -8.529189,-6.740435, -8.529444,0.000289,1
10,1,0.605351, -8.742891,0.605971, -8.742646,0.000676,1
10,1,7.918097, -8.331754,7.917830, -8.332140,0.000483,1
10,1,3.451011, -8.656850,3.450903, -8.657025,0.000206,1
10,1,-7.150269, -8.574339,-7.149806, -8.574216,0.000485,1
10,1,2.988942, -8.567959,2.989061, -8.568149,0.000237,1
10,1,9.075150, 7.480410,9.075202, 7.480566,0.000164,0
10,1,0.248018, -8.587847,0.247674, -8.588333,0.000599,1
10,1,-7.427213, -4.491171,-7.501030, -4.444166,0.087513,0
10,1,2.785302, -8.624057,2.785297, -8.623983,0.000074,1
10,1,-2.873404, -9.155537,-2.873583, -9.155625,0.000204,1
10,1,3.650619, -8.739540,3.650569, -8.739498,0.000065,1
10,1,-4.766757, -8.528870,-4.766742, -8.529078,0.000238,1
10,1,3.980308, -8.647225,3.979624, -8.647490,0.000733,1
10,1,4.160611, -8.598956,4.161010, -8.598697,0.000478,1
10,1,-2.250790, -8.528519,-2.249995, -8.528694,0.000822,1
10,1,-0.101230, 7.573199,-0.101238, 7.572468,0.000731,0
10,1,3.612799, -8.556508,3.612845, -8.556625,0.000127,1
10,1,6.051010, -3.370580,5.851870, -8.384572,5.017945,1
10,1,-4.054587, -8.656323,-4.054699, -8.656330,0.000165,1
10,1,-1.376326, -8.525125,-1.376109, -8.525278,0.000283,1
10,1,6.579024, -8.577589,6.616286, -8.603666,0.045480,1
10,1,8.740855, -8.577247,8.741492, -8.577216,0.000644,1
10,1,5.757552, -0.213583,5.757520, -0.213585,0.000033,0
10,1,-8.813822, -8.647459,-8.813502, -8.647217,0.000413,1
10,1,0.549018, -8.574068,0.548919, -8.574116,0.000193,1
10,1,5.256192, -8.598871,5.255630, -8.599260,0.000687,1
10,1,-7.165120, -8.724905,-7.165043, -8.724613,0.000308,1
10,1,1.502349, -8.598649,1.501885, -8.598740,0.000474,1
10,2,-7.543272, -8.540181,-7.543352, -8.540097,0.000116,1
10,2,-9.276764, -4.305781,-9.419348, -4.529647,0.265417,0
10,2,9.650028, 4.925069,9.639498, 5.143064,0.218249,0
10,2,-0.788752, -8.596581,-0.788752, -8.596581,0.000000,1
10,2,-6.207189, 8.523437,-6.459180, 8.763965,0.348362,0
10,3,-9.357799, -3.062243,-8.624213, -2.992110,0.737055,0
10,3,-3.440584, -9.490746,-3.387555, -9.499999,0.053830,1
10,3,-0.434716, 7.977425,-0.437640, 7.975779,0.003358,0
10,3,9.395415, 6.133314,9.391757, 6.140499,0.008063,0
10,3,-6.280691, 9.499912,-6.155694, 9.479750,0.126613,0
10,4,-3.168216, -8.569571,-3.076540, -8.545337,0.094825,1
10,4,-2.360025, 1.088253,-2.370907, 0.973610,0.115159,0
10,4,9.350759, 9.331864,9.399935, 9.399833,0.083893,0
10,4,-5.390159, -4.698953,-5.413072, -4.814715,0.118008,0
10,4,6.952980, -1.534357,7.007425, -1.635299,0.114689,0
10,5,7.434444, -0.066726,7.388486, -0.027360,0.060513,0
10,5,-5.243601, 9.170568,-5.165972, 9.257123,0.116267,0
10,5,8.777009, 2.428826,8.568643, 2.614373,0.279006,0
10,5,-6.585373, 8.330086,-6.785697, 8.535748,0.287100,0
10,5,-9.267845, -1.874261,-9.207599, -1.910371,0.070240,0
11,1,-1.689815, -8.532240,-1.689284, -8.532180,0.000534,1
11,1,-6.740537, -8.529440,-6.740359, -8.529444,0.000188,1
11,1,0.605819, -8.742647,0.605816, -8.742464,0.000197,1
11,1,7.917893, -8.332101,7.917362, -8.332055,0.000533,1
11,1,3.450938, -8.657087,3.451072, -8.657000,0.000161,1
11,1,-7.149784, -8.574203,-7.150254, -8.574255,0.000473,1
11,1,2.989100, -8.568163,2.989054, -8.568342,0.000185,1
11,1,9.075192, 7.480474,9.075028, 7.480632,0.000228,0
11,1,0.247814, -8.588335,0.247384, -8.588315,0.000460,1
11,1,-7.501000, -4.444154,-7.568326, -4.390562,0.086051,0
11,1,2.785244, -8.624043,2.785120, -8.624371,0.000366,1
11,1,-2.873590, -9.155558,-2.866484, -9.164069,0.011089,1
11,1,3.650548, -8.739429,3.650270, -8.739611,0.000351,1
11,1,-4.766685, -8.529024,-4.767101, -8.529032,0.000417,1
11,1,3.979607, -8.647526,3.979329, -8.647919,0.000490,1
11,1,4.161081, -8.598713,4.161886, -8.599034,0.000881,1
11,1,-2.250052, -8.528710,-2.249973, -8.529001,0.000308,1
11,1,-0.101282, 7.572388,-0.099826, 7.569275,0.003436,0
11,1,3.612842, -8.556705,3.613251, -8.556448,0.000484,1
11,1,5.851772, -8.384539,5.851229, -8.384885,0.000653,1
11,1,-4.054743, -8.656287,-4.054841, -8.656267,0.000129,1
11,1,-1.376159, -8.525291,-1.376485, -8.525208,0.000353,1
11,1,6.616205, -8.603657,6.616257, -8.603501,0.000178,1
11,1,8.741448, -8.577210,8.741762, -8.577538,0.000467,1
11,1,5.757559, -0.213504,5.757495, -0.213501,0.000064,0
11,1,-8.813428, -8.647223,-8.813486, -8.647265,0.000141,1
11,1,0.548840, -8.574104,0.548971, -8.573867,0.000307,1
11,1,5.255529, -8.599252,5.255248, -8.599861,0.000673,1
11,1,-7.165051, -8.724743,-7.164853, -8.724669,0.000212,1
11,1,1.501889, -8.598690,1.502387, -8.598512,0.000541,1
11,2,-7.543352, -8.540097,-7.543259, -8.539791,0.000320,1
11,2,-9.419281, -4.529912,-9.411116, -4.770047,0.240274,0
11,2,9.639606, 5.143113,9.649931, 5.341376,0.198531,0
11,2,-0.788752, -8.596581,-0.788752, -8.596581,0.000000,1
11,2,-6.459224, 8.764077,-6.466197, 8.761116,0.007679,0
11,3,-8.624247, -2.992102,-7.728295, -3.141981,0.908401,0
11,3,-3.387552, -9.500001,-3.342695, -9.500006,0.044857,1
11,3,-0.437627, 7.975746,-0.439479, 7.973021,0.003299,0
11,3,9.391724, 6.140487,9.391784, 6.140442,0.000075,0
11,3,-6.155735, 9.479790,-6.310787, 9.491487,0.155492,0
11,4,-3.076541, -8.545336,-2.901924, -8.589331,0.180074,1
11,4,-2.370929, 0.973600,-2.136844, 0.728538,0.338897,0
11,4,9.400064, 9.399909,9.396171, 9.396102,0.005448,0
11,4,-5.413083, -4.814724,-5.408510, -4.872421,0.057878,0
11,4,7.007439, -1.635286,7.056128, -1.622429,0.050357,0
11,5,7.388502, -0.027350,7.342370, -0.027191,0.046132,0
11,5,-5.165964, 9.257126,-5.306037, 9.286279,0.143075,0
11,5,8.568619, 2.614341,8.355803, 2.742505,0.248428,0
11,5,-6.785688, 8.535775,-6.736401, 8.475399,0.077939,0
11,5,-9.207696, -1.910431,-8.854324, -2.960482,1.107917,0
12,1,-1.689277, -8.532104,-1.689547, -8.531800,0.000408,1
12,1,-6.740381, -8.529567,-6.740679, -8.529716,0.000364,1
12,1,0.605676, -8.742462,0.605693, -8.742719,0.000258,1
12,1,7.917418, -8.332030,7.917626, -8.331767,0.000336,1
12,1,3.451145, -8.657118,3.451159, -8.656947,0.000245,1
12,1,-7.150223, -8.574284,-7.150283, -8.574611,0.000345,1
12,1,2.988992, -8.568291,2.988686, -8.567960,0.000458,1
12,1,9.075017, 7.480542,9.075102, 7.480686,0.000168,0
12,1,0.247413, -8.588284,0.247778, -8.588622,0.000497,1
12,1,-7.568366, -4.390541,-7.627712, -4.370419,0.062667,0
12,1,2.785171, -8.624310,2.785261, -8.624366,0.000106,1
12,1,-2.866486, -9.164147,-2.842562, -9.155133,0.025566,1
12,1,3.650319, -8.739606,3.650346, -8.739021,0.000590,1
12,1,-4.767132, -8.529080,-4.767458, -8.529262,0.000374,1
12,1,3.979326, -8.647859,3.979154, -8.648032,0.000245,1
12,1,4.161894, -8.598963,4.161879, -8.598756,0.000236,1
12,1,-2.249998, -8.528897,-2.249643, -8.528753,0.000408,1
12,1,-0.099782, 7.569353,-0.099812, 7.569329,0.000038,0
12,1,3.613229, -8.556501,3.613561, -8.556186,0.000472,1
12,1,5.851239, -8.384817,5.850955, -8.384876,0.000308,1
12,1,-4.054936, -8.656363,-4.054970, -8.656430,0.000152,1
12,1,-1.376436, -8.525189,-1.376642, -8.525499,0.000372,1
12,1,6.616294, -8.603437,6.615773, -8.603827,0.000654,1
12,1,8.741764, -8.577595,8.741655, -8.577456,0.000177,1
12,1,5.757538, -0.213422,5.757441, -0.213481,0.000114,0
12,1,-8.813465, -8.647243,-8.813232, -8.647166,0.000260,1
12,1,0.548965, -8.573938,0.549502, -8.573509,0.000695,1
12,1,5.255204, -8.599853,5.255023, -8.599724,0.000275,1
12,1,-7.164857, -8.724727,-7.164468, -8.724589,0.000412,1
12,1,1.502382, -8.598571,1.502265, -8.598495,0.000139,1
12,2,-7.543245, -8.539786,-7.543238, -8.539696,0.000152,1
12,2,-9.411140, -4.770093,-9.413055, -4.883110,0.113033,0
12,2,9.649964, 5.341311,9.650009, 5.458813,0.117502,0
12,2,-0.788752, -8.596581,-0.392526, -8.755491,0.426905,1
12,2,-6.466302, 8.761115,-6.502160, 8.745384,0.039580,0
12,3,-7.728200, -3.142030,-7.773052, -3.237703,0.105668,0
12,3,-3.342709, -9.499989,-3.317821, -9.499843,0.024891,1
12,3,-0.439460, 7.973031,-0.440141, 7.974086,0.001257,0
12,3,9.391750, 6.140431,9.383069, 6.118042,0.024013,0
12,3,-6.310849, 9.491583,-6.337755, 9.491893,0.026910,0
12,4,-2.901912, -8.589358,-2.930673, -8.485620,0.107651,1
12,4,-2.136830, 0.728556,-1.543290, 0.157184,0.823866,0
12,4,9.396171, 9.396131,9.396106, 9.396045,0.000108,0
12,4,-5.408491, -4.872423,-5.378184, -4.995262,0.126522,0
12,4,7.056146, -1.622427,7.057879, -1.590509,0.031965,0
12,5,7.342350, -0.027192,7.304117, 0.003145,0.048807,0
12,5,-5.306111, 9.286234,-5.239392, 9.205749,0.104543,0
12,5,8.355803, 2.742522,8.053059, 3.069686,0.445747,0
12,5,-6.736400, 8.475367,-6.709174, 8.425796,0.056556,0
12,5,-8.854365, -2.960706,-9.052032, -3.653574,0.720513,0
13,1,-1.689486, -8.531785,-1.689586, -8.531473,0.000328,1
13,1,-6.740675, -8.529646,-6.740669, -8.529990,0.000363,1
13,1,0.605696, -8.742651,0.605814, -8.742772,0.000170,1
13,1,7.917548, -8.331771,7.917651, -8.331648,0.000182,1
13,1,3.451084, -8.656957,3.451065, -8.656999,0.000090,1
13,1,-7.150251, -8.574612,-7.150081, -8.574382,0.000286,1
13,1,2.988762, -8.567988,2.988799, -8.568153,0.000194,1
13,1,9.075091, 7.480595,8.999247, 6.610778,0.873117,0
13,1,0.247760, -8.588644,0.247819, -8.588131,0.000536,1
13,1,-7.627761, -4.370316,-7.699286, -4.315048,0.090390,0
13,1,2.785181, -8.624344,2.785602, -8.624353,0.000423,1
13,1,-2.842544, -9.155121,-2.821110, -9.146995,0.022923,1
13,1,3.650349, -8.739098,3.649909, -8.738646,0.000639,1
13,1,-4.767415, -8.529248,-4.767527, -8.529696,0.000461,1
13,1,3.979157, -8.648104,3.978913, -8.648052,0.000251,1
13,1,4.161821, -8.598748,4.161849, -8.598798,0.000118,1
13,1,-2.249624, -8.528830,-2.242969, -8.526770,0.007175,1
13,1,-0.099764, 7.569408,-0.099745, 7.569369,0.000044,0
13,1,3.613585, -8.556131,3.613806, -8.556376,0.000341,1
13,1,5.850992, -8.384853,5.851835, -8.384666,0.000870,1
13,1,-4.054925, -8.656435,-4.055090, -8.656539,0.000196,1
13,1,-1.376680, -8.525476,-1.376801, -8.525039,0.000470,1
13,1,6.615808, -8.603766,6.615978, -8.604165,0.000433,1
13,1,8.741581, -8.577478,8.741556, -8.577640,0.000166,1
13,1,5.757485, -0.213403,5.757490, -0.213500,0.000097,0
13,1,-8.813107, -8.647170,-8.812984, -8.647519,0.000370,1
13,1,0.549631, -8.573525,0.549473, -8.573581,0.000233,1
13,1,5.255029, -8.599649,5.255275, -8.600019,0.000444,1
13,1,-7.164395, -8.724611,-7.163954, -8.724629,0.000455,1
13,1,1.502294, -8.598465,1.502044, -8.598648,0.000310,1
13,2,-7.543225, -8.539680,-7.543453, -8.539516,0.000280,1
13,2,-9.413054, -4.883107,-9.445179, -4.991316,0.112877,0
13,2,9.650021, 5.458863,9.567107, 5.272589,0.203894,0
13,2,-0.392526, -8.755491,-0.392526, -8.755491,0.000000,1
13,2,-6.502202, 8.745441,-6.468963, 8.725742,0.039229,0
13,3,-7.773077, -3.237728,-7.931269, -3.384000,0.215454,0
13,3,-3.317780, -9.499920,-3.297009, -9.499451,0.020779,1
13,3,-0.440122, 7.974095,-0.441312, 7.975029,0.001512,0
13,3,9.383066, 6.118056,9.383440, 6.126089,0.008042,0
13,3,-6.337752, 9.491806,-6.325213, 9.499952,0.014958,0
13,4,-2.930674, -8.485617,-3.021899, -8.400650,0.124664,1
13,4,-1.543280, 0.157207,-0.411730, -0.006121,1.143277,0
13,4,9.396132, 9.396045,9.396169, 9.396050,0.000038,0
13,4,-5.378201, -4.995276,-5.493564, -8.670280,3.676815,1
13,4,7.057865, -1.590509,7.058643, -1.543476,0.047039,0
13,5,7.304117, 0.003160,7.215198, 0.077248,0.115740,0
13,5,-5.239392, 9.205739,-5.215168, 9.210238,0.024639,0
13,5,8.052817, 3.069847,7.421847, 3.552092,0.794156,0
13,5,-6.709173, 8.425763,-6.633924, 8.388487,0.083976,0
13,5,-9.052053, -3.653619,-9.052479, -3.946790,0.293171,0
14,1,-1.689607, -8.531497,-1.689789, -8.531307,0.000263,1
14,1,-6.740736, -8.529980,-6.740796, -8.529941,0.000141,1
14,1,0.605840, -8.742699,0.605570, -8.742486,0.000352,1
14,1,7.917568, -8.331647,7.917235, -8.331860,0.000405,1
14,1,3.451024, -8.656940,3.451309, -8.657362,0.000510,1
14,1,-7.150003, -8.574363,-7.150871, -8.574335,0.000869,1
14,1,2.988662, -8.568122,2.989120, -8.567622,0.000681,1
14,1,8.999195, 6.610792,8.852474, 6.346949,0.301894,0
14,1,0.247883, -8.588126,0.247965, -8.588023,0.000174,1
14,1,-7.699273, -4.315075,-7.651960, -4.053941,0.265385,0
14,1,2.785640, -8.624302,2.785553, -8.624395,0.000127,1
14,1,-2.821109, -9.146935,-2.817741, -9.145576,0.003633,1
14,1,3.649989, -8.738652,3.650200, -8.738742,0.000237,1
14,1,-4.767563, -8.529753,-4.767553, -8.529457,0.000297,1
14,1,3.978911, -8.647987,3.978491, -8.647901,0.000439,1
14,1,4.161710, -8.598781,4.162138, -8.599169,0.000582,1
14,1,-2.242871, -8.526953,-2.201932, -8.517826,0.041962,1
14,1,-0.099696, 7.569445,0.287652, 2.904405,4.681093,0
14,1,3.613919, -8.556412,3.613868, -8.556308,0.000122,1
14,1,5.851883, -8.384669,5.851662, -8.384660,0.000238,1
14,1,-4.055142, -8.656493,-4.054973, -8.656177,0.000377,1
14,1,-1.376740, -8.525020,-1.376480, -8.524974,0.000309,1
14,1,6.615967, -8.604110,6.615963, -8.604336,0.000226,1
14,1,8.741554, -8.577579,8.741275, -8.577422,0.000320,1
14,1,5.757537, -0.213422,5.757454, -0.213506,0.000117,0
14,1,-8.812984, -8.647459,-8.813124, -8.647453,0.000140,1
14,1,0.549463, -8.573652,0.549581, -8.573658,0.000138,1
14,1,5.255268, -8.600083,5.254995, -8.599765,0.000420,1
14,1,-7.163984, -8.724698,-7.163949, -8.724914,0.000221,1
14,1,1.502022, -8.598630,1.502592, -8.598697,0.000584,1
14,2,-7.543453, -8.539516,-7.543535, -8.539133,0.000392,1
14,2,-9.445477, -4.990904,-8.656205, -4.284250,1.062416,0
14,2,9.567015, 5.272545,9.548016, 5.161585,0.112575,0
14,2,-0.392526, -8.755491,-0.392526, -8.755491,0.000000,1
14,2,-6.468733, 8.725677,-6.425582, 8.746885,0.048093,0
14,3,-7.931276, -3.384025,-8.159091, -3.135088,0.337493,0
14,3,-3.297056, -9.499465,-3.335752, -9.486415,0.040847,1
14,3,-0.441292, 7.975040,-0.441424, 8.114239,0.139199,0
14,3,9.383474, 6.126173,9.336982, 6.003612,0.131083,0
14,3,-6.325136, 9.499871,-6.263647, 9.495506,0.061644,0
14,4,-3.021905, -8.400655,-2.961151, -8.340720,0.085342,1
14,4,-0.411651, -0.006052,-0.183308, -0.107349,0.249803,0
14,4,9.396197, 9.396051,9.396186, 9.396016,0.000037,0
14,4,-5.493564, -8.670280,-5.493564, -8.670280,0.000000,1
14,4,7.058623, -1.543432,7.050066, -1.410553,0.133154,0
14,5,7.215217, 0.077257,7.176092, 0.176122,0.106325,0
14,5,-5.215172, 9.210234,-5.159118, 9.213729,0.056163,0
14,5,7.421734, 3.552184,6.765466, 4.022616,0.807461,0
14,5,-6.633914, 8.388487,-6.602739, 8.424275,0.047463,0
14,5,-9.052467, -3.946780,-9.055096, -3.991699,0.044999,0
15,1,-1.689719, -8.531296,-1.689726, -8.531515,0.000220,1
15,1,-6.740871, -8.529961,-6.740750, -8.529737,0.000268,1
15,1,0.605571, -8.742414,0.605634, -8.742777,0.000368,1
15,1,7.917259, -8.331929,7.916922, -8.331814,0.000375,1
15,1,3.451363, -8.657335,3.451386, -8.657294,0.000077,1
15,1,-7.150733, -8.574342,-7.150996, -8.574717,0.000487,1
15,1,2.989110, -8.567667,2.989325, -8.567683,0.000216,1
15,1,8.852228, 6.347166,8.556738, -2.154951,8.507251,0
15,1,0.247906, -8.588019,0.248060, -8.588078,0.000186,1
15,1,-7.651892, -4.054020,-8.321115, -3.783669,0.721769,0
15,1,2.785594, -8.624394,2.785489, -8.624237,0.000218,1
15,1,-2.817812, -9.145603,-2.818045, -9.145459,0.000290,1
15,1,3.650225, -8.738806,3.649755, -8.738714,0.000490,1
15,1,-4.767616, -8.529567,-4.767478, -8.529563,0.000142,1
15,1,3.978486, -8.647772,3.978665, -8.647334,0.000475,1
15,1,4.162001, -8.599147,4.162265, -8.599196,0.000308,1
15,1,-2.201974, -8.517836,-2.201916, -8.517792,0.000073,1
15,1,0.287833, 2.904455,0.903248, -8.618142,11.539020,1
15,1,3.613850, -8.556365,3.614007, -8.556461,0.000185,1
15,1,5.851636, -8.384798,5.851360, -8.384751,0.000286,1
15,1,-4.054968, -8.656139,-4.054890, -8.655813,0.000353,1
15,1,-1.376434, -8.525097,-1.376572, -8.525299,0.000245,1
15,1,6.615948, -8.604416,6.615933, -8.604629,0.000213,1
15,1,8.741322, -8.577382,8.741452, -8.577320,0.000175,1
15,1,5.757504, -0.213429,5.757473, -0.213440,0.000033,0
15,1,-8.813125, -8.647525,-8.813191, -8.647348,0.000194,1
15,1,0.549504, -8.573647,0.548748, -8.573670,0.000756,1
15,1,5.255129, -8.599775,5.254730, -8.599357,0.000579,1
15,1,-7.163889, -8.724918,-7.163597, -8.724461,0.000554,1
15,1,1.502598, -8.598640,1.502488, -8.598632,0.000110,1
15,2,-7.543535, -8.539133,-7.543565, -8.539107,0.000040,1
15,2,-8.656201, -4.284171,-8.943283, -3.831581,0.535960,0
15,2,9.547985, 5.161542,9.552857, 5.094676,0.067043,0
15,2,-0.392526, -8.755491,-0.392526, -8.755491,0.000000,1
15,2,-6.425539, 8.746819,-6.354689, 8.795037,0.085702,0
15,3,-8.158998, -3.134950,-8.329401, -3.658192,0.562305,0
15,3,-3.335752, -9.486414,-3.413402, -9.408475,0.110019,1
15,3,-0.441438, 8.114228,-0.443714, 8.115564,0.002639,0
15,3,9.337139, 6.004745,9.306932, 5.894150,0.114645,0
15,3,-6.263647, 9.495525,-6.270793, 9.495903,0.007159,0
15,4,-2.961138, -8.340714,-2.595363, -7.660309,0.772491,1
15,4,-0.183304, -0.107368,-0.008504, -0.128755,0.176104,0
15,4,9.396214, 9.396016,9.396260, 9.396070,0.000071,0
15,4,-5.493564, -8.670280,-5.493564, -8.670280,0.000000,1
15,4,7.050057, -1.410504,6.911413, -1.176739,0.271787,0
15,5,7.176116, 0.176132,7.040371, 0.306126,0.187950,0
15,5,-5.159125, 9.213754,-5.127052, 9.194879,0.037215,0
15,5,6.765434, 4.022618,6.577296, 4.190549,0.252184,0
15,5,-6.602728, 8.424278,-6.567740, 8.492771,0.076912,0
15,5,-9.055091, -3.991727,-9.106045, -3.799278,0.199080,0
16,1,-1.689668, -8.531505,-1.689518, -8.531578,0.000167,1
16,1,-6.740819, -8.529730,-6.740696, -8.529474,0.000286,1
16,1,0.605633, -8.742715,0.605294, -8.742741,0.000350,1
16,1,7.916987, -8.331789,7.916674, -8.331657,0.000340,1
16,1,3.451362, -8.657312,3.451263, -8.657714,0.000431,1
16,1,-7.150996, -8.574642,-7.151655, -8.574596,0.000666,1
16,1,2.989301, -8.567649,2.988895, -8.567307,0.000546,1
16,1,8.556779, -2.158120,8.556214, -8.573417,6.415296,1
16,1,0.248059, -8.588123,0.248050, -8.587787,0.000345,1
16,1,-8.321034, -3.783629,-8.712023, -3.829658,0.401712,0
16,1,2.785406, -8.624350,2.785513, -8.624312,0.000128,1
16,1,-2.818074, -9.145535,-2.817784, -9.145498,0.000303,1
16,1,3.649782, -8.738845,3.649392, -8.738549,0.000519,1
16,1,-4.767449, -8.529525,-4.767402, -8.529543,0.000050,1
16,1,3.978610, -8.647339,3.978413, -8.647651,0.000369,1
16,1,4.162259, -8.599263,4.162891, -8.599276,0.000640,1
16,1,-2.201881, -8.517756,-2.201397, -8.517767,0.000501,1
16,1,0.903259, -8.618082,0.902994, -8.617908,0.000329,1
16,1,3.613984, -8.556426,3.614357, -8.556670,0.000457,1
16,1,5.851369, -8.384712,5.851604, -8.384769,0.000241,1
16,1,-4.054994, -8.655710,-4.055158, -8.655746,0.000237,1
16,1,-1.376618, -8.525320,-1.377025, -8.525689,0.000557,1
16,1,6.616007, -8.604514,6.616009, -8.604132,0.000405,1
16,1,8.741446, -8.577362,8.726557, -8.604939,0.031340,1
16,1,5.757525, -0.213363,5.613523, -5.191213,4.979932,0
16,1,-8.813115, -8.647354,-8.812707, -8.647212,0.000432,1
16,1,0.548718, -8.573627,0.549198, -8.573804,0.000511,1
16,1,5.254668, -8.599351,5.254313, -8.599623,0.000447,1
16,1,-7.163541, -8.724463,-7.163610, -8.724491,0.000142,1
16,1,1.502462, -8.598660,1.502488, -8.598269,0.000392,1
16,2,-7.543565, -8.539107,-7.544034, -8.539155,0.000555,1
16,2,-8.943275, -3.831462,-9.081936, -3.881313,0.147350,0
16,2,9.552827, 5.094634,9.548043, 5.334323,0.239738,0
16,2,-0.392526, -8.755491,-0.392526, -8.755491,0.000000,1
16,2,-6.354661, 8.794912,-6.294947, 8.805631,0.060668,0
16,3,-8.329418, -3.658035,-7.370128, -2.034905,1.889554,0
16,3,-3.413402, -9.408475,-3.413402, -9.408475,0.000000,1
16,3,-0.443728, 8.115553,-0.489984, 8.179585,0.078992,0
16,3,9.306942, 5.894106,9.457696, 6.075274,0.235688,0
16,3,-6.270746, 9.495862,-6.106842, 9.499849,0.163952,0
16,4,-2.595085, -7.659752,-2.564012, -7.395224,0.266347,0
16,4,-0.008492, -0.128773,-0.120200, -0.215665,0.141523,0
16,4,9.396292, 9.396070,9.396286, 9.396065,0.000034,0
16,4,-5.493564, -8.670280,-5.493564, -8.670280,0.000000,1
16,4,6.911427, -1.176733,7.222629, -2.128987,1.001815,0
16,5,7.040386, 0.306137,6.906162, 0.460103,0.204258,0
16,5,-5.127057, 9.194912,-5.016554, 9.192899,0.110521,0
16,5,6.577218, 4.190613,6.441299, 4.322259,0.189221,0
16,5,-6.567684, 8.492767,-6.506059, 8.499677,0.062012,0
16,5,-9.106072, -3.799206,-9.246989, -3.926090,0.189624,0
17,1,-1.689568, -8.531506,-1.689459, -8.531086,0.000434,1
17,1,-6.740702, -8.529516,-6.741077, -8.529350,0.000411,1
17,1,0.605299, -8.742702,0.605374, -8.743173,0.000488,1
17,1,7.916657, -8.331618,7.916882, -8.331836,0.000327,1
17,1,3.451170, -8.657756,3.451201, -8.657788,0.000053,1
17,1,-7.151651, -8.574526,-7.151150, -8.574825,0.000594,1
17,1,2.988915, -8.567248,2.988686, -8.566711,0.000596,1
17,1,8.556150, -8.573438,8.556178, -8.573262,0.000178,1
17,1,0.248090, -8.587790,0.247615, -8.587831,0.000477,1
17,1,-8.712178, -3.829794,-8.796740, -3.786734,0.094897,0
17,1,2.785549, -8.624269,2.785731, -8.624193,0.000197,1
17,1,-2.817714, -9.145496,-2.818127, -9.145385,0.000428,1
17,1,3.649325, -8.738562,3.649280, -8.738559,0.000052,1
17,1,-4.767358, -8.529538,-4.767766, -8.529528,0.000407,1
17,1,3.978437, -8.647679,3.978641, -8.648000,0.000380,1
17,1,4.162929, -8.599238,4.162590, -8.598712,0.000626,1
17,1,-2.201401, -8.517705,-2.201284, -8.517750,0.000152,1
17,1,0.902964, -8.618035,0.902274, -8.617734,0.000770,1
17,1,3.614237, -8.556631,3.614156, -8.556695,0.000189,1
17,1,5.851638, -8.384735,5.888213, -8.403678,0.041189,1
17,1,-4.055227, -8.655711,-4.055338, -8.656090,0.000395,1
17,1,-1.377011, -8.525729,-1.376828, -8.525688,0.000213,1
17,1,6.615949, -8.604101,6.615958, -8.603838,0.000264,1
17,1,8.726627, -8.604935,8.726512, -8.605345,0.000426,1
17,1,5.613607, -5.194731,5.612515, -8.598765,3.404035,1
17,1,-8.812664, -8.647249,-8.812305, -8.647285,0.000360,1
17,1,0.549190, -8.573872,0.549361, -8.573830,0.000182,1
17,1,5.254272, -8.599652,5.254305, -8.599340,0.000314,1
17,1,-7.163558, -8.724494,-7.163512, -8.724510,0.000098,1
17,1,1.502559, -8.598297,1.502482, -8.598507,0.000225,1
17,2,-7.543999, -8.539176,-7.544003, -8.539120,0.000059,1
17,2,-9.081611, -3.881328,-9.160846, -3.866847,0.080572,0
17,2,9.548016, 5.334391,9.545816, 5.486451,0.152082,0
17,2,-0.392526, -8.755491,-0.392526, -8.755491,0.000000,1
17,2,-6.294934, 8.805668,-6.283535, 8.815558,0.015091,0
17,3,-7.370133, -2.034911,-7.502967, -2.042244,0.133036,0
17,3,-3.413402, -9.408475,-3.475271, -9.387987,0.065173,1
17,3,-0.489960, 8.179614,-0.504645, 8.190297,0.018160,0
17,3,9.457659, 6.075270,9.499425, 6.245272,0.175058,0
17,3,-6.106841, 9.499857,-6.009248, 9.499997,0.097593,0
17,4,-2.564039, -7.395223,-2.578396, -7.385773,0.017188,0
17,4,-0.120177, -0.215686,-0.309572, -0.219000,0.189425,0
17,4,9.396316, 9.396064,9.396260, 9.396020,0.000071,0
17,4,-5.493564, -8.670280,-5.493564, -8.670280,0.000000,1
17,4,7.222638, -2.128963,7.018717, -1.942218,0.276510,0
17,5,6.906147, 0.460130,6.801859, 0.601679,0.175818,0
17,5,-5.016554, 9.192925,-4.921205, 9.212012,0.097241,0
17,5,6.441265, 4.322293,5.732702, 5.453190,1.334537,0
17,5,-6.506073, 8.499669,-6.493658, 8.500163,0.012425,0
17,5,-9.247015, -3.926090,-9.299900, -3.927593,0.052908,0
18,1,-1.689426, -8.531221,-1.689530, -8.531243,0.000111,1
18,1,-6.741050, -8.529320,-6.740862, -8.529392,0.000259,1
18,1,0.605464, -8.743167,0.606326, -8.742936,0.000896,1
18,1,7.916924, -8.331960,7.916651, -8.331752,0.000345,1
18,1,3.451250, -8.657761,3.553932, -8.828870,0.199554,1
18,1,-7.151175, -8.574804,-7.150868, -8.574609,0.000399,1
18,1,2.988746, -8.566728,3.094721, -8.668612,0.147008,1
18,1,8.556225, -8.573395,8.555815, -8.573246,0.000466,1
18,1,0.247543, -8.587828,0.248115, -8.587871,0.000575,1
18,1,-8.796839, -3.786680,-8.797829, -3.899168,0.112492,0
18,1,2.785732, -8.624235,2.785858, -8.624008,0.000260,1
18,1,-2.818070, -9.145383,-2.817661, -9.145183,0.000456,1
18,1,3.649153, -8.738600,6.802058, -8.915402,3.157859,1
18,1,-4.767823, -8.529493,-4.767581, -8.529571,0.000274,1
18,1,3.978713, -8.647996,4.520180, -8.621765,0.542102,1
18,1,4.162619, -8.598639,4.628226, -8.510384,0.473898,1
18,1,-2.201162, -8.517735,-2.201452, -8.517468,0.000421,1
18,1,0.902289, -8.617662,0.902160, -8.618147,0.000503,1
18,1,3.614121, -8.556721,3.925359, -8.509288,0.314832,1
18,1,5.888175, -8.403642,5.888803, -8.403781,0.000667,1
18,1,-4.055307, -8.656050,-4.055622, -8.655869,0.000388,1
18,1,-1.376965, -8.525715,-1.376713, -8.525651,0.000260,1
18,1,6.615989, -8.603859,6.615762, -8.603765,0.000262,1
18,1,8.726474, -8.605318,8.726481, -8.605377,0.000140,1
18,1,5.612530, -8.598837,5.612504, -8.598643,0.000198,1
18,1,-8.812313, -8.647354,-8.812227, -8.647014,0.000351,1
18,1,0.549289, -8.573823,0.549677, -8.573969,0.000430,1
18,1,5.254283, -8.599417,5.253535, -8.599318,0.000755,1
18,1,-7.163525, -8.724640,-7.163109, -8.724710,0.000444,1
18,1,1.502338, -8.598503,1.502213, -8.598529,0.000208,1
18,2,-7.544003, -8.539120,-7.544003, -8.539120,0.000000,1
18,2,-9.160869, -3.866932,-9.195561, -3.956767,0.096302,0
18,2,9.545745, 5.486380,9.546776, 5.633461,0.147088,0
18,2,-0.392526, -8.755491,-0.392526, -8.755491,0.000000,1
18,2,-6.283554, 8.815526,-6.264676, 8.815315,0.018883,0
18,3,-7.502986, -2.042233,-7.632356, -2.037417,0.129459,0
18,3,-3.475279, -9.388004,-3.581016, -9.359349,0.109551,1
18,3,-0.504629, 8.190278,-0.505429, 8.188749,0.001728,0
18,3,9.499350, 6.245328,9.500006, 6.386633,0.141306,0
18,3,-6.009242, 9.500005,-5.907995, 9.499997,0.101246,0
18,4,-2.578372, -7.385774,-2.576016, -7.378404,0.007737,0
18,4,-0.309594, -0.218993,-0.518146, -0.478115,0.332624,0
18,4,9.396288, 9.396020,9.374599, 9.365108,0.037761,0
18,4,-5.493564, -8.670280,-5.493564, -8.670280,0.000000,1
18,4,7.018665, -1.942187,6.950177, -1.869528,0.099850,0
18,5,6.801840, 0.601686,6.749182, 0.704781,0.115765,0
18,5,-4.921237, 9.211962,-4.826136, 9.218145,0.095302,0
18,5,5.732697, 5.453243,6.411791, 2.568012,2.964072,0
18,5,-6.493642, 8.500123,-6.482719, 8.502034,0.011088,0
18,5,-9.299906, -3.927602,-9.299852, -4.035482,0.107881,0
19,1,-1.689589, -8.531251,-1.689271, -8.531096,0.000361,1
19,1,-6.740932, -8.529390,-6.740741, -8.529417,0.000255,1
19,1,0.606312, -8.742866,0.606070, -8.743531,0.000708,1
19,1,7.916635, -8.331691,7.916679, -8.331842,0.000177,1
19,1,3.554000, -8.828864,3.554153, -8.829233,0.000414,1
19,1,-7.150941, -8.574613,-7.150920, -8.574112,0.000509,1
19,1,3.094788, -8.668591,3.095102, -8.668590,0.000334,1
19,1,8.555794, -8.573177,8.555731, -8.573236,0.000092,1
19,1,0.248183, -8.587872,0.248320, -8.588062,0.000235,1
19,1,-8.797680, -3.899144,-8.775377, -4.126230,0.228179,0
19,1,2.785903, -8.623953,2.785808, -8.624232,0.000315,1
19,1,-2.817589, -9.145183,-2.817762, -9.145252,0.000188,1
19,1,6.802088, -8.915418,6.802184, -8.915902,0.000520,1
19,1,-4.767619, -8.529634,-4.767703, -8.529967,0.000366,1
19,1,4.520144, -8.621719,4.520082, -8.621490,0.000238,1
19,1,4.628268, -8.510440,4.627796, -8.510228,0.000528,1
19,1,-2.201421, -8.517423,-2.201055, -8.517672,0.000461,1
19,1,0.902173, -8.618078,0.901631, -8.617955,0.000555,1
19,1,3.925402, -8.509294,3.925335, -8.509036,0.000283,1
19,1,5.888880, -8.403774,5.889010, -8.403611,0.000209,1
19,1,-4.055578, -8.655911,-4.055519, -8.656049,0.000149,1
19,1,-1.376693, -8.525722,-1.377145, -8.525701,0.000459,1
19,1,6.615803, -8.603786,6.615668, -8.603936,0.000202,1
19,1,8.726544, -8.605371,8.726319, -8.605372,0.000225,1
19,1,5.612462, -8.598646,5.612529, -8.598890,0.000269,1
19,1,-8.812176, -8.647015,-8.812072, -8.647123,0.000151,1
19,1,0.549616, -8.573964,0.549723, -8.574003,0.000193,1
19,1,5.253535, -8.599258,5.253250, -8.599442,0.000347,1
19,1,-7.163116, -8.724781,-7.163023, -8.724977,0.000241,1
19,1,1.502183, -8.598550,1.502057, -8.598865,0.000339,1
19,2,-7.544003, -8.539120,-7.544003, -8.539121,0.000001,1
19,2,-9.195503, -3.956669,-9.171451, -4.165609,0.210325,0
19,2,9.546726, 5.633509,9.552961, 5.691559,0.058384,0
19,2,-0.392526, -8.755491,-0.392526, -8.755491,0.000000,1
19,2,-6.264773, 8.815343,-8.450789, 9.413309,2.266327,0
19,3,-7.632361, -2.037417,-7.758968, -2.029349,0.126864,0
19,3,-3.581031, -9.359351,-3.809325, -9.156164,0.305619,1
19,3,-0.505405, 8.188723,-0.506963, 8.186440,0.002764,0
19,3,9.500001, 6.386643,9.381717, 6.508672,0.169948,0
19,3,-5.907970, 9.500058,-5.818530, 9.490973,0.089901,0
19,4,-2.576017, -7.378426,-2.435905, -7.167453,0.253260,0
19,4,-0.517958, -0.478546,0.398587, -1.665692,1.499789,0
19,4,9.374592, 9.365108,9.349442, 9.341570,0.034447,0
19,4,-5.493564, -8.670280,-5.493564, -8.670280,0.000000,1
19,4,6.950139, -1.869519,6.460515, -2.266697,0.630461,0
19,5,6.749169, 0.704785,6.446378, 1.205755,0.585366,0
19,5,-4.826141, 9.218127,-4.737416, 9.213998,0.088821,0
19,5,6.411774, 2.568002,6.303454, 2.707804,0.176856,0
19,5,-6.482736, 8.502020,-8.733437, 9.149030,2.341853,0
19,5,-9.299841, -4.035489,-9.284994, -4.255445,0.220457,0
20,1,-1.689384, -8.531103,-1.689629, -8.531458,0.000454,1
20,1,-6.740821, -8.529406,-6.740674, -8.529385,0.000149,1
20,1,0.606065, -8.743472,0.606356, -8.743434,0.000330,1
20,1,7.916685, -8.331879,7.917042, -8.332211,0.000503,1
20,1,3.554150, -8.829163,3.553979, -8.829603,0.000473,1
20,1,-7.151050, -8.574109,-7.151285, -8.574056,0.000245,1
20,1,3.095115, -8.668645,3.095160, -8.668225,0.000430,1
20,1,8.555793, -8.573215,8.555533, -8.573611,0.000473,1
20,1,0.248336, -8.587986,0.248122, -8.587793,0.000309,1
20,1,-8.775293, -4.126125,-8.762970, -4.320981,0.195246,0
20,1,2.785807, -8.624187,2.785758, -8.624233,0.000141,1
20,1,-2.817766, -9.145187,-2.817874, -9.145171,0.000109,1
20,1,6.802124, -8.915855,6.802418, -8.915894,0.000318,1
20,1,-4.767654, -8.529909,-4.767748, -8.529820,0.000129,1
20,1,4.520122, -8.621454,4.520542, -8.621697,0.000485,1
20,1,4.627856, -8.510183,4.628006, -8.510234,0.000161,1
20,1,-2.200992, -8.517665,-2.201039, -8.517564,0.000111,1
20,1,0.901654, -8.617980,0.902037, -8.618157,0.000440,1
20,1,3.925308, -8.509068,3.925237, -8.508681,0.000393,1
20,1,5.889004, -8.403542,5.470047, -8.815418,0.587509,1
20,1,-4.055565, -8.656096,-4.055439, -8.656019,0.000179,1
20,1,-1.377020, -8.525673,-1.377012, -8.525819,0.000206,1
20,1,6.615694, -8.603872,6.615716, -8.603746,0.000175,1
20,1,8.726353, -8.605396,8.726389, -8.605687,0.000293,1
20,1,5.612571, -8.598889,5.486544, -8.609838,0.126502,1
20,1,-8.812055, -8.647049,-8.811574, -8.647275,0.000538,1
20,1,0.549730, -8.573929,0.549906, -8.574159,0.000309,1
20,1,5.253363, -8.599453,5.253217, -8.599716,0.000337,1
20,1,-7.163092, -8.724978,-7.163072, -8.724752,0.000233,1
20,1,1.502089, -8.598907,1.501717, -8.599041,0.000415,1
20,2,-7.544003, -8.539121,-7.544110, -8.538972,0.000183,1
20,2,-9.171446, -4.165578,-9.152177, -4.352766,0.188177,0
20,2,9.552901, 5.691480,9.548800, 5.671977,0.019970,0
20,2,-0.392526, -8.755491,-0.392526, -8.755491,0.000000,1
20,2,-8.450681, 9.413270,-8.043786, 9.431460,0.407304,0
20,3,-7.758971, -2.029350,-7.888628, -2.028395,0.129661,0
20,3,-3.809339, -9.156165,-3.839126, -9.139050,0.034354,1
20,3,-0.506945, 8.186420,-0.508239, 8.184808,0.002068,0
20,3,9.381644, 6.508631,9.473136, 6.421870,0.126099,0
20,3,-5.818509, 9.490969,-5.785814, 9.497953,0.033432,0
20,4,-2.435890, -7.167450,-2.139285, -6.605293,0.635607,0
20,4,0.398617, -1.665649,1.165114, -1.785390,0.775794,0
20,4,9.349368, 9.341546,9.320867, 9.317510,0.037284,0
20,4,-5.493564, -8.670280,-5.493564, -8.670280,0.000000,1
20,4,6.460495, -2.266675,6.190424, -2.524432,0.373333,0
20,5,6.446395, 1.205729,6.268807, 1.473719,0.321490,0
20,5,-4.737418, 9.213989,-4.699208, 9.213136,0.038220,0
20,5,6.303412, 2.707824,6.239952, 3.005727,0.304587,0
20,5,-8.733253, 9.149059,-8.103625, 9.107291,0.631012,0
20,5,-9.284967, -4.255473,-9.274632, -4.446851,0.191658,0
21,1,-1.689561, -8.531448,-1.689750, -8.531404,0.000195,1
21,1,-6.740675, -8.529452,-6.740818, -8.529216,0.000296,1
21,1,0.606348, -8.743361,0.606421, -8.743299,0.000096,1
21,1,7.917055, -8.332271,7.875196, -8.341133,0.042787,1
21,1,3.554126, -8.829597,3.554079, -8.829663,0.000186,1
21,1,-7.151227, -8.574059,-7.151518, -8.573924,0.000336,1
21,1,3.095168, -8.668264,3.095125, -8.667949,0.000338,1
21,1,8.555452, -8.573610,8.065686, -8.529005,0.491793,1
21,1,0.248195, -8.587772,0.247735, -8.587861,0.000478,1
21,1,-8.762882, -4.320823,-8.757614, -4.481104,0.160371,0
21,1,2.785720, -8.624282,2.785512, -8.624284,0.000208,1
21,1,-2.817872, -9.145099,-2.817626, -9.145409,0.000412,1
21,1,6.802382, -8.915944,6.802547, -8.915667,0.000323,1
21,1,-4.767790, -8.529788,-4.767986, -8.529501,0.000348,1
21,1,4.520578, -8.621675,4.520399, -8.621732,0.000188,1
21,1,4.627968, -8.510185,4.627512, -8.510425,0.000515,1
21,1,-2.201111, -8.517569,-2.200564, -8.517884,0.000638,1
21,1,0.902044, -8.618096,0.902167, -8.618330,0.000281,1
21,1,3.925285, -8.508736,3.925128, -8.508245,0.000516,1
21,1,5.470065, -8.815475,5.470535, -9.025427,0.209952,1
21,1,-4.055499, -8.655970,-4.055691, -8.655693,0.000337,1
21,1,-1.377027, -8.525749,-1.377138, -8.525641,0.000156,1
21,1,6.615664, -8.603806,6.615766, -8.603899,0.000151,1
21,1,8.726459, -8.605682,7.928883, -8.840146,0.831325,1
21,1,5.486593, -8.609875,5.264043, -8.852869,0.329507,1
21,1,-8.811603, -8.647197,-8.811549, -8.647067,0.000164,1
21,1,0.549907, -8.574100,0.549611, -8.574195,0.000329,1
21,1,5.253147, -8.599737,2.613600, -7.946778,2.719111,1
21,1,-7.163072, -8.724820,-7.163167, -8.725318,0.000507,1
21,1,1.501777, -8.599046,1.501618, -8.599084,0.000191,1
21,2,-7.544110, -8.538972,-7.544517, -8.538663,0.000511,1
21,2,-9.152176, -4.352652,-9.141223, -4.505658,0.153403,0
21,2,9.548785, 5.671988,9.546377, 5.712762,0.040852,0
21,2,-0.392526, -8.755491,-0.392526, -8.755491,0.000000,1
21,2,-8.043705, 9.431570,-8.571087, 9.423018,0.527451,0
21,3,-7.888631, -2.028394,-8.050842, -1.973902,0.171120,0
21,3,-3.839126, -9.139050,-3.839126, -9.139050,0.000000,1
21,3,-0.508263, 8.184834,-0.509517, 8.181508,0.003554,0
21,3,9.473142, 6.421875,9.448181, 6.455846,0.042185,0
21,3,-5.785820, 9.497931,-5.769572, 9.466522,0.035363,0
21,4,-2.139256, -6.605201,-1.184905, -5.741298,1.287290,0
21,4,1.165670, -1.785320,2.466809, 0.243437,2.410149,0
21,4,9.320868, 9.317521,9.290922, 9.290372,0.040421,0
21,4,-5.493564, -8.670280,-5.493564, -8.670280,0.000000,1
21,4,6.190400, -2.524413,5.246325, -6.483289,4.069887,0
21,5,6.268783, 1.473723,6.142131, 1.573808,0.161424,0
21,5,-4.699211, 9.213106,-4.655861, 9.206422,0.043863,0
21,5,6.239894, 3.005766,6.277842, 3.214672,0.212325,0
21,5,-8.103625, 9.107314,-8.773736, 9.144554,0.671145,0
21,5,-9.274623, -4.446869,-9.268295, -4.604862,0.158120,0
22,1,-1.689744, -8.531547,-1.690111, -8.531629,0.000399,1
22,1,-6.740891, -8.529213,-6.740619, -8.529242,0.000296,1
22,1,0.606347, -8.743283,0.663570, -8.904902,0.171450,1
22,1,7.875208, -8.341216,7.875441, -8.341100,0.000277,1
22,1,3.554045, -8.829639,3.554074, -8.829881,0.000243,1
22,1,-7.151661, -8.573916,-7.069025, -8.574126,0.082637,1
22,1,3.095182, -8.667938,3.095703, -8.668264,0.000614,1
22,1,8.065696, -8.528957,8.066010, -8.529007,0.000338,1
22,1,0.247715, -8.587886,0.156021, -7.846151,0.747381,0
22,1,-8.757383, -4.480974,-8.751698, -4.671490,0.190605,0
22,1,2.785468, -8.624293,2.785475, -8.624377,0.000144,1
22,1,-2.817662, -9.145438,-2.817358, -9.145857,0.000533,1
22,1,6.802498, -8.915624,6.802860, -8.915969,0.000509,1
22,1,-4.768050, -8.529465,-4.768361, -8.529778,0.000456,1
22,1,4.520369, -8.621657,4.520535, -8.621495,0.000239,1
22,1,4.627481, -8.510379,4.627168, -8.510523,0.000356,1
22,1,-2.200567, -8.517812,-2.200338, -8.517313,0.000557,1
22,1,0.902030, -8.618306,0.901356, -8.617711,0.000914,1
22,1,3.925209, -8.508330,3.866505, -9.088732,0.583363,1
22,1,5.470609, -9.025408,5.470840, -9.025191,0.000317,1
22,1,-4.055713, -8.655725,-4.055963, -8.655528,0.000318,1
22,1,-1.377128, -8.525700,-1.377343, -8.525447,0.000332,1
22,1,6.615671, -8.603881,6.615905, -8.603923,0.000259,1
22,1,7.928853, -8.840090,7.928570, -8.840173,0.000310,1
22,1,5.263925, -8.852916,5.264030, -8.852619,0.000315,1
22,1,-8.811523, -8.647145,-8.811251, -8.647058,0.000286,1
22,1,0.549608, -8.574253,0.468329, -8.849340,0.286844,1
22,1,2.613705, -7.946719,4.177630, -8.394214,1.626689,1
22,1,-7.163093, -8.725316,-7.163007, -8.730710,0.005395,1
22,1,1.501761, -8.599096,1.501401, -8.599307,0.000440,1
22,2,-7.544515, -8.538678,-6.934317, -8.153810,0.721433,1
22,2,-9.141157, -4.505620,-9.129508, -4.684784,0.179612,0
22,2,9.546342, 5.712797,9.546758, 5.775432,0.062638,0
22,2,-0.392526, -8.755491,-0.392526, -8.755491,0.000000,1
22,2,-8.571077, 9.422948,-8.189719, 9.360168,0.386491,0
22,3,-8.050848, -1.973870,-7.674191, -1.891700,0.385517,0
22,3,-3.839126, -9.139050,-3.839126, -9.139050,0.000000,1
22,3,-0.509537, 8.181531,-0.511070, 8.179384,0.002638,0
22,3,9.448261, 6.455822,9.411082, 6.502981,0.060053,0
22,3,-5.769568, 9.466504,-5.709744, 9.412921,0.080312,0
22,4,-1.184618, -5.741142,-0.860242, -5.536097,0.383749,0
22,4,2.466614, 0.243634,0.400294, -0.571900,2.221435,0
22,4,9.291038, 9.290267,9.260833, 9.258580,0.043777,0
22,4,-5.493564, -8.670280,-5.493564, -8.670280,0.000000,1
22,4,5.246351, -6.483354,6.969933, -6.984751,1.795031,0
22,5,6.142148, 1.573812,4.299764, 2.266810,1.968407,0
22,5,-4.655915, 9.206384,-4.532595, 9.178202,0.126499,0
22,5,6.277823, 3.214666,6.248460, 3.334556,0.123433,0
22,5,-8.773693, 9.144472,-8.271056, 9.063325,0.509145,0
22,5,-9.268305, -4.604865,-9.265241, -4.791236,0.186397,0
23,1,-1.690143, -8.531678,-3.193881, -8.711570,1.514460,1
23,1,-6.740546, -8.529246,-6.721274, -8.757548,0.229114,1
23,1,0.663621, -8.904954,-5.577495, -7.851777,6.329353,0
23,1,7.875377, -8.341126,7.875489, -8.340832,0.000326,1
23,1,3.554079, -8.829953,3.553960, -8.830275,0.000343,1
23,1,-7.069081, -8.574078,-7.068886, -8.573862,0.000308,1
23,1,3.095770, -8.668250,2.003113, -8.728823,1.094335,1
23,1,8.066012, -8.528950,8.066325, -8.528758,0.000367,1
23,1,0.156078, -7.846222,0.155958, -7.846136,0.000148,0
23,1,-8.751663, -4.671591,-8.788814, -4.797080,0.130872,0
23,1,2.785511, -8.624332,2.000281, -8.569345,0.787153,1
23,1,-2.817420, -9.145859,-2.900641, -9.356450,0.226439,1
23,1,6.802870, -8.916011,6.802668, -8.916018,0.000234,1
23,1,-4.768298, -8.529818,-4.939628, -8.523419,0.171449,1
23,1,4.520491, -8.621445,4.520612, -8.621566,0.000196,1
23,1,4.627128, -8.510523,4.626908, -8.510576,0.000252,1
23,1,-2.200346, -8.517244,-5.635441, -7.672712,3.537389,0
23,1,0.901439, -8.617688,0.901037, -8.617684,0.000408,1
23,1,3.866559, -9.088698,3.866599, -9.088471,0.000230,1
23,1,5.470828, -9.025269,5.471191, -9.025228,0.000374,1
23,1,-4.055912, -8.655477,-4.157181, -8.707001,0.113623,1
23,1,-1.377425, -8.525430,-4.644279, -8.194144,3.283609,1
23,1,6.615946, -8.603900,6.616455, -8.604100,0.000561,1
23,1,7.928538, -8.840109,7.928849, -8.840564,0.000554,1
23,1,5.264095, -8.852584,5.263580, -8.852514,0.000520,1
23,1,-8.811255, -8.647022,-8.810910, -8.647171,0.000376,1
23,1,0.468372, -8.849328,-2.999236, -8.700942,3.470781,1
23,1,4.177618, -8.394142,1.048779, -8.786504,3.153344,1
23,1,-7.163015, -8.730773,-7.162775, -8.730800,0.000241,1
23,1,1.501373, -8.599339,1.501324, -8.599408,0.000175,1
23,2,-6.934306, -8.153775,-6.400863, -2.449975,5.728691,0
23,2,-9.129502, -4.684926,-9.160859, -4.828314,0.146828,0
23,2,9.546639, 5.774893,9.545534, 5.815125,0.040248,0
23,2,-0.392526, -8.755491,-2.753597, -9.053524,2.379807,1
23,2,-8.189572, 9.360136,-8.042061, 9.484430,0.192896,0
23,3,-7.674162, -1.891720,-7.393639, -1.881181,0.280721,0
23,3,-3.839126, -9.139050,-3.893877, -9.171121,0.063452,1
23,3,-0.511085, 8.179401,-0.512611, 8.177474,0.002458,0
23,3,9.411085, 6.503028,9.360668, 6.519215,0.052957,0
23,3,-5.709763, 9.412919,-5.634718, 9.390023,0.078460,0
23,4,-0.860234, -5.536053,-0.632118, -5.015373,0.568458,0
23,4,0.400244, -0.572104,1.202146, -1.660447,1.351865,0
23,4,9.260812, 9.258586,9.230964, 9.218051,0.050339,0
23,4,-5.493564, -8.670280,-5.819650, -8.604833,0.332589,1
23,4,6.970205, -6.984718,9.373473, -6.968104,2.403325,0
23,5,4.299451, 2.266932,3.126861, 3.320249,1.576212,0
23,5,-4.532582, 9.178205,-4.419441, 9.146899,0.117392,0
23,5,6.248485, 3.334566,6.241627, 3.336949,0.007261,0
23,5,-8.270972, 9.063301,-8.055281, 9.184532,0.247426,0
23,5,-9.265244, -4.791264,-9.295464, -4.946126,0.157784,0
24,1,-3.193850, -8.711634,-3.193549, -8.711567,0.000308,1
24,1,-6.721247, -8.757560,-6.721453, -8.757294,0.000357,1
24,1,-5.577504, -7.851655,-5.809543, -7.710427,0.271639,0
24,1,7.875474, -8.340877,7.875497, -8.340786,0.000094,1
24,1,3.553902, -8.830276,3.553768, -8.830460,0.000243,1
24,1,-7.068926, -8.573833,-7.068728, -8.573641,0.000305,1
24,1,2.003134, -8.728895,2.002829, -8.728856,0.000308,1
24,1,8.066395, -8.528769,8.066648, -8.529236,0.000543,1
24,1,0.156015, -7.846206,0.155817, -7.846130,0.000212,0
24,1,-8.788773, -4.796972,-8.793902, -4.955805,0.158915,0
24,1,2.000351, -8.569324,2.000228, -8.569478,0.000198,1
24,1,-2.900654, -9.356433,-2.899948, -9.356512,0.000721,1
24,1,6.802705, -8.915972,6.802948, -8.915993,0.000287,1
24,1,-4.939759, -8.523418,-4.939656, -8.523771,0.000376,1
24,1,4.520579, -8.621599,4.519969, -8.621766,0.000633,1
24,1,4.626941, -8.510619,4.626902, -8.510761,0.000214,1
24,1,-5.635512, -7.672805,-5.661122, -7.612853,0.065194,0
24,1,0.901029, -8.617755,0.900877, -8.617424,0.000381,1
24,1,3.866649, -9.088488,3.866727, -9.088277,0.000255,1
24,1,5.471211, -9.025299,5.471299, -9.025552,0.000268,1
24,1,-4.157217, -8.706976,-4.157674, -8.706763,0.000505,1
24,1,-4.644304, -8.194263,-4.644702, -8.194112,0.000430,1
24,1,6.616433, -8.604158,6.616511, -8.604338,0.000196,1
24,1,7.928820, -8.840497,7.928735, -8.840139,0.000367,1
24,1,5.263523, -8.852568,5.264101, -8.852180,0.000701,1
24,1,-8.810926, -8.647093,-8.810677, -8.647264,0.000315,1
24,1,-2.999209, -8.700889,-2.999482, -8.700523,0.000463,1
24,1,1.048740, -8.786512,1.049117, -8.786545,0.000378,1
24,1,-7.162780, -8.730873,-7.163315, -8.730947,0.000544,1
24,1,1.501321, -8.599342,1.501669, -8.599615,0.000442,1
24,2,-6.400873, -2.449614,-7.132118, 0.718420,3.251332,0
24,2,-9.160897, -4.828257,-9.157017, -4.989400,0.161191,0
24,2,9.545353, 5.815178,9.546439, 5.831596,0.016454,0
24,2,-2.753597, -9.053524,-2.753597, -9.053524,0.000000,1
24,2,-8.042054, 9.484455,-7.964606, 9.431019,0.094119,0
24,3,-7.393626, -1.881178,-6.985172, -1.719615,0.439247,0
24,3,-3.893877, -9.171121,-3.893877, -9.171121,0.000000,1
24,3,-0.512627, 8.177495,-0.514096, 8.175345,0.002603,0
24,3,9.360667, 6.519233,9.334306, 6.540405,0.033812,0
24,3,-5.634675, 9.389988,-5.626248, 9.384442,0.010089,0
24,4,-0.632117, -5.015330,0.168122, -4.016793,1.279632,0
24,4,1.202157, -1.660444,2.226382, -1.738835,1.027220,0
24,4,9.230984, 9.218086,9.208924, 9.154725,0.067092,0
24,4,-5.819662, -8.604849,-6.028823, -8.680449,0.222404,1
24,4,9.373521, -6.968153,9.399958, -6.953627,0.030169,0
24,5,3.126677, 3.320353,2.244804, 4.237291,1.272193,0
24,5,-4.419454, 9.146931,-4.407943, 9.143693,0.011958,0
24,5,6.241642, 3.336951,6.235126, 3.339274,0.006919,0
24,5,-8.055269, 9.184532,-7.928890, 9.130044,0.137625,0
24,5,-9.295489, -4.946157,-9.299826, -5.115419,0.169317,0
